id	skillId	mark	type	isNormalAttack	isBeMissAttack	buffList	hitBuff	storageLimit	storageTime	storageParam	storageAction	storageEffect	storageEffectParam	storageSound	storageMove	castLimit	duration	castAction	castSceneEffect	castSceneEffectParam	castSound	move	targetType	missileCount	startWait	startPos	startYaw	startPitch	boundingVolume	followTarget	followTargetPositionOffset	followTargetRotationOffset	moveSpeed	moveAcc	gravity	rotateSpeed	lifeTime	vanishTime	collideEntity	collideGroup	hitInterval	hitEntityCount	movesDmg	startSkill	hitEntitySkill	vanishSkill	startEffect	startEffectParam	hitEntityEffectCustom	hitEntityEffectParam	vanishEffect	vanishEffectParam	startSound	hitEntitySound	vanishSound	shakeCamera	hitShakeCamera	s_hit_timeline	hitBack	dragTarget	attackerVariableTime	defenderVariableTime	childActorAction
序号	技能ID	备注	技能类型	是否是普攻招式	是否可以miss的技能	状态技能BUFF列表 #分隔	击中施加BUFF	蓄力限制:移动#转向#下落	蓄力时长区间s#s	蓄力提升:伤害#弹道速度#击退#位移	蓄力动作	蓄力特效	偏移#缩放	蓄力音效	蓄力位移	出招限制:移动#转向#下落	出招时长	释放动作	出招特效	偏移#缩放#延时#跟随	出招音效	出招位移	目标类型	子弹数量	起始等待	起始位置	起始转角	起始俯仰	子弹碰撞盒	是否跟随	跟随偏移	跟随旋转	速度	加速度	重力	自旋速度	生命周期	消亡时间帧	单位碰撞	碰撞分组	命中间隔帧	命中单位数量	伤害倍率	起始技能	命中单位技能	消亡技能	起始特效	偏移#缩放	单位命中特效	偏移#缩放	消亡特效	偏移#缩放	起始音效	单位命中音效	消亡音效	释放技能震屏	命中震屏	受伤闪烁表现	击飞高度#击退速度#水平减速度#方向	拉怪 时间#拉向#锚点	攻击者手机震动时长 毫秒	受击者手机震动时长 毫秒	是否同步播放子actor动作
					1 可以，默认0 			0限制1允许							方向#速度#加速度#持续时间#起始时间	0限制1允许						方向#速度#加速度#持续时间#起始时间							类型#半径#高度#大小#旋转																											时长#频率#振幅#衰减#延时#广播距离			(1弹道方向2子弹向量3攻击者向量4冲刺方向)	拉向(0子弹1出招者)锚点(0底部1中心)			1是#子Acotor蓄力动作时长
																																																															
1	25011	练习生-普攻1	Missile	1	1													g2069_skill_base_attack_1			s25011		Self	1	4	0,0.2,0.5	0	0	Box#0#0#2,2,2#0,0,0	1		0,0.2,0.5	0	0	0	0	4	0	1	32	5		1						g2069_hit_1.effect	0,1.5,0#1				hit_boxing3		0.2#0.1#0.7#0.9#0.2		flash_red					
2	25012	练习生-普攻2	Missile	1	1													g2069_skill_base_attack_2			s25012		Self	1	4	0,0.2,0.5	0	0	Box#0#0#2,2,2#0,0,0	1		0,0.2,0.5	0	0	0	0	4	0	1	32	5		1						g2069_hit_1.effect	0,1.5,0#1				hit_boxing3		0.2#0.1#0.7#0.9#0.2		flash_red					
3	25013	练习生-普攻3	Missile	1	1													g2069_skill_base_attack_3			s25013		Self	1	4	0,0.2,0.5	0	0	Box#0#0#2,2,2#0,0,0	1		0,0.2,0.5	0	0	0	0	4	0	1	32	5		1						g2069_hit_1.effect	0,1.5,0#1				hit_boxing3		0.2#0.1#0.7#0.9#0.2		flash_red			 		
4	25014	练习生-普攻4	Missile	1	1													g2069_skill_base_attack_4			s25014		Self	1	5	0,0.2,0.5	0	0	Box#0#0#2,2,2#0,0,0	1		0,0.2,0.5	0	0	0	0	4	0	1	32	5		1						g2069_hit_1.effect	0,1.5,0#1				hit_boxing1		0.2#0.1#1.2#0.9#0.25		flash_red	0#1.5#0.5#3				
1	26011	路飞-普攻1	Missile	1	1													g2069_skill_lufei_01			s26011		Self	1	6	0,0.2,0.5	0	0	Box#0#0#2,2,2#0,0,0	1		0,0.2,0.5	0	0	0	0	4	0	1	32	5		1						g2069_hit_1.effect	0,1.5,0#1				hit_boxing3		0.2#0.1#1#0.9#0.3		flash_red			1000		
2	26012	路飞-普攻2	Missile	1	1													g2069_skill_lufei_02			s26012		Self	1	5	0,0.2,0.5	0	0	Box#0#0#2,2,2#0,0,0	1		0,0.2,0.5	0	0	0	0	4	0	1	32	5		1						g2069_hit_1.effect	0,1.5,0#1				hit_boxing3		0.2#0.1#1#0.9#0.25		flash_red					
3	26013	路飞-普攻3	Missile	1	1													g2069_skill_lufei_03			s26013		Self	1	6	0,0.2,0.5	0	0	Box#0#0#2.3,2,2.3#0,0,0	1		0,0.2,0.5	0	0	0	0	4	0	1	32	5		1						g2069_hit_1.effect	0,1.5,0#1				hit_boxing3		0.2#0.1#1#0.9#0.2		flash_red					
4	26014	路飞-普攻4	Missile	1	1													g2069_skill_lufei_04			s26014		Self	1	6	0,0.2,0.5	0	0	Box#0#0#2.5,2,2.5#0,0,0	1		0,0.2,0.5	0	0	0	0	4	0	1	32	5		1.3						g2069_hit_1.effect	0,1.5,0#1				hit_boxing1		0.3#0.1#1.5#0.9#0.2		flash_red	0#2#0.7#3				
1	26021	索隆-普攻1	Missile	1	1													g2069_skill_suolong_01			s26021		Self	1	6	0,0.2,0.6	0	0	Cylinder#1.5#1.5#0,0,0#0,0,0	1		0,0.2,0.6	0	0	0	0	4	0	1	32	5		1						g2069_hit_1.effect	0,1.5,0#1				hit_sword3		0.2#0.1#1#0.9#0.2		flash_red					
2	26022	索隆-普攻2	Missile	1	1													g2069_skill_suolong_02			s26022		Self	1	6	0,0.2,0.6	0	0	Cylinder#1.5#1.5#0,0,0#0,0,0	1		0,0.2,0.6	0	0	0	0	4	0	1	32	5		1						g2069_hit_1.effect	0,1.5,0#1				hit_sword3		0.2#0.1#1#0.9#0.2		flash_red					
3	26023	索隆-普攻3	Missile	1	1													g2069_skill_suolong_03			s26023		Self	1	6	0,0.2,0.6	0	0	Cylinder#1.5#1.5#0,0,0#0,0,0	1		0,0.2,0.6	0	0	0	0	4	0	1	32	5		1						g2069_hit_1.effect	0,1.5,0#1				hit_sword3		0.2#0.1#1#0.9#0.25		flash_red					
4	26024	索隆-普攻4	Missile	1	1													g2069_skill_suolong_04			s26024		Self	1	6	0,0.2,0	0	0	Cylinder#1.8#1.5#0,0,0#0,0,0	1		0,0.2,0	0	0	0	0	6	0	1	32	5		1.3						g2069_hit_1.effect	0,1.5,0#1				hit_sword2		0.4#0.1#1.5#0.9#0.3		flash_red	0#2#0.7#3				
1	26031	鸣人-普攻1	Missile	1	1													g2069_skill_mingren_01			s26031		Self	1	6	0,0.2,0.5	0	0	Box#0#0#2,2,2#0,0,0	1		0,0.2,0.5	0	0	0	0	4	0	1	32	5		1						g2069_hit_1.effect	0,1.5,0#1				hit_boxing3		0.2#0.1#1#0.9#0.3		flash_red					
2	26032	鸣人-普攻2	Missile	1	1													g2069_skill_mingren_02			s26032		Self	1	4	0,0.2,0.5	0	0	Box#0#0#2,2,2#0,0,0	1		0,0.2,0.5	0	0	0	0	4	0	1	32	5		1						g2069_hit_1.effect	0,1.5,0#1				hit_boxing3		0.2#0.1#1#0.9#0.2		flash_red					
3	26033	鸣人-普攻3	Missile	1	1													g2069_skill_mingren_03			s26033		Self	1	4	0,0.2,0.5	0	0	Box#0#0#2,2,2#0,0,0	1		0,0.2,0.5	0	0	0	0	4	0	1	32	5		1						g2069_hit_1.effect	0,1.5,0#1				hit_boxing3		0.2#0.1#1#0.9#0.2		flash_red					
4	26034	鸣人-普攻4	Missile	1	1													g2069_skill_mingren_04			s26034		Self	1	6	0,0.2,0.7	0	0	Box#0#0#2.5,2,2.8	1		0,0.2,0.7	0	0	0	0	4	0	1	32	5		1.3						g2069_hit_1.effect	0,1.5,0#1				hit_boxing1		0.3#0.1#1.6#0.9#0.2		flash_red	0#2#0.7#3				
1	27031	鸣人-普攻1-觉醒	Missile	1	1													g2069_skill_mingren_001			s26031		Self	1	7	0,0.2,0.7	0	0	Box#0#0#3,2,3#0,0,0	1		0,0.2,0.7	0	0	0	0	4	0	1	32	5		1.3						g2069_hit_1.effect	0,1.5,0#1				hit_boxing3		0.2#0.1#1#0.9#0.3		flash_red					
2	27032	鸣人-普攻2-觉醒	Missile	1	1													g2069_skill_mingren_002			s26032		Self	1	5	0,0.2,0.7	0	0	Box#0#0#3,2,3#0,0,0	1		0,0.2,0.7	0	0	0	0	4	0	1	32	5		1.3						g2069_hit_1.effect	0,1.5,0#1				hit_boxing3		0.2#0.1#1#0.9#0.2		flash_red					
3	27033	鸣人-普攻3-觉醒	Missile	1	1													g2069_skill_mingren_003			s26033		Self	1	5	0,0.2,0.7	0	0	Box#0#0#3,2,3#0,0,0	1		0,0.2,0.7	0	0	0	0	4	0	1	32	5		1.3						g2069_hit_1.effect	0,1.5,0#1				hit_boxing3		0.2#0.1#1#0.9#0.2		flash_red					
4	27034	鸣人-普攻4-觉醒	Missile	1	1													g2069_skill_mingren_004			s26034		Self	1	7	0,0.2,0.9	0	0	Box#0#0#3.5,2,3.5	1		0,0.2,0.9	0	0	0	0	4	0	1	32	5		1.5						g2069_hit_1.effect	0,1.5,0#1				hit_boxing1		0.3#0.1#1.6#0.9#0.2		flash_red	0#2#0.7#3				
1	26041	佐助-普攻1	Missile	1	1													g2069_skill_zuozhu_01			s26041		Self	1	5	0,0.2,0.5	0	0	Box#0#0#2.3,2,2.3#0,0,0	1		0,0.2,0.5	0	0	0	0	4	0	1	32	5		1						g2069_hit_1.effect	0,1.5,0#1				hit_sword3		0.2#0.1#1#0.9#0.25		flash_red					
2	26042	佐助-普攻2	Missile	1	1													g2069_skill_zuozhu_02			s26042		Self	1	5	0,0.2,0.5	0	0	Box#0#0#2.3,2,2.3#0,0,0	1		0,0.2,0.5	0	0	0	0	4	0	1	32	5		1						g2069_hit_1.effect	0,1.5,0#1				hit_sword3		0.2#0.1#1#0.9#0.25		flash_red					
3	26043	佐助-普攻3	Missile	1	1													g2069_skill_zuozhu_03			s26043		Self	1	5	0,0.2,0.5	0	0	Box#0#0#2.3,2,2.3#0,0,0	1		0,0.2,0.5	0	0	0	0	4	0	1	32	5		1						g2069_hit_1.effect	0,1.5,0#1				hit_sword3		0.2#0.1#1#0.9#0.3		flash_red					
4	26044	佐助-普攻4	Missile	1	1													g2069_skill_zuozhu_04			s26044		Self	1	8	0,0.2,0.5	0	0	Box#0#0#2.5,2,2.5#0,0,0	1		0,0.2,0.5	0	0	0	0	4	0	1	32	5		1.3						g2069_hit_1.effect	0,1.5,0#1				hit_sword2		0.3#0.1#1.6#0.9#0.4		flash_red	0.6#0.2#0#3				
1	27041	佐助-普攻1-觉醒	Missile	1	1												500	g2069_skill_zuozhu_01			s26032		Self	1	5	0,0.2,1	0	0	Cylinder#2.3#2.5#0,0,0#0,0,0	1		0,0.2,1	0	0	0	0	4	0	1	32	5		1.3						g2069_hit_1.effect	0,1.5,0#1						0.2#0.1#1#0.9#0.25		flash_red					1#0
2	27042	佐助-普攻2-觉醒	Missile	1	1												500	g2069_skill_zuozhu_02			s26032		Self	1	5	0,0.2,1	0	0	Cylinder#2.3#2.5#0,0,0#0,0,0	1		0,0.2,1	0	0	0	0	4	0	1	32	5		1.3						g2069_hit_1.effect	0,1.5,0#1						0.2#0.1#1#0.9#0.25		flash_red					1#0
3	27043	佐助-普攻3-觉醒	Missile	1	1												500	g2069_skill_zuozhu_03			s26032		Self	1	5	0,0.2,1	0	0	Cylinder#2.3#2.5#0,0,0#0,0,0	1		0,0.2,1	0	0	0	0	4	0	1	32	5		1.3						g2069_hit_1.effect	0,1.5,0#1						0.2#0.1#1#0.9#0.3		flash_red					1#0
4	27044	佐助-普攻4-觉醒	Missile	1	1												900	g2069_skill_zuozhu_04			s50041		Self	1	8	0,0.2,2	0	0	Cylinder#2.7#2.5#0,0,0#0,0,0	1		0,0.2,2	0	0	0	0	4	0	1	32	5		1.5						g2069_hit_1.effect	0,1.5,0#1						0.3#0.1#1.6#0.9#0.4		flash_red	0.7#0.25#0#3				1#0
1	26051	艾斯-普攻1	Missile	1														g2069_skill_aisi_01			s26051		Self	1	5	0,0.2,0.5	0	0	Box#0#0#2,2,2#0,0,0	1		0,0.2,0.5	0	0	0	0	4	0	1	32	5		1						g2069_hit_fire.effect	0,1.5,0#1						0.2#0.1#1#0.9#0.25		flash_red					
2	26052	艾斯-普攻2	Missile	1														g2069_skill_aisi_02			s26052		Self	1	5	0,0.2,0.5	0	0	Box#0#0#2,2,2#0,0,0	1		0,0.2,0.5	0	0	0	0	4	0	1	32	5		1						g2069_hit_fire.effect	0,1.5,0#1						0.2#0.1#1#0.9#0.2		flash_red					
3	26053	艾斯-普攻3	Missile	1														g2069_skill_aisi_03			s26053		Self	1	6	0,0.2,0.5	0	0	Box#0#0#2,2,2#0,0,0	1		0,0.2,0.5	0	0	0	0	4	0	1	32	5		1						g2069_hit_fire.effect	0,1.5,0#1						0.35#0.15#1#0.9#0.3		flash_red					
4	26054	艾斯-普攻4	Missile	1														g2069_skill_aisi_04			s26054		Self	1	8	0,0.2,0.5	0	0	Box#0#0#3,2,3	1		0,0.2,0.5	0	0	0	0	4	0	1	32	5		1.3						g2069_hit_fire.effect	0,1.5,0#1						0.3#0.1#1.7#0.9#0.35		flash_red	0#2#0.7#3				
1	26061	艾尼路-普攻1	Missile	1														g2069_skill_ainilu_01			s26061		Self	1	5	0,0.2,0.5	0	0	Box#0#0#2.5,2.5,2.5#0,0,0	1		0,0.2,0.5	0	0	0	0	4	0	1	32	5		1						g2069_hit_thunder.effect	0,1.5,0#1						0.2#0.1#1#0.9#0.25		flash_red					
2	26062	艾尼路-普攻2	Missile	1														g2069_skill_ainilu_02			s26062		Self	1	5	0,0.2,0.5	0	0	Box#0#0#2.5,2.5,2.5#0,0,0	1		0,0.2,0.5	0	0	0	0	4	0	1	32	5		1						g2069_hit_thunder.effect	0,1.5,0#1						0.2#0.1#1#0.9#0.2		flash_red					
3	26063	艾尼路-普攻3	Missile	1														g2069_skill_ainilu_03			s26063		Self	1	6	0,0.2,0.5	0	0	Box#0#0#2.5,2.5,2.5#0,0,0	1		0,0.2,0.5	0	0	0	0	4	0	1	32	5		1						g2069_hit_thunder.effect	0,1.5,0#1						0.2#0.1#1#0.9#0.2		flash_red					
4	26064	艾尼路-普攻4	Missile	1														g2069_skill_ainilu_04			s26064		Self	1	6	0,0.2,1.5	0	0	Box#0#0#2.5,2.5,2.5#0,0,0	1		0,0.2,1.5	0	0	0	0	4	0	1	32	5		1.3						g2069_hit_thunder.effect	0,1.5,0#1						0.3#0.1#1.8#0.9#0.2		flash_red	0.6#0.2#0#3				
1	26071	我爱罗-普攻1	Missile	1														g2069_skill_woailuo_01			s26071		Self	1	6	0,0.2,0.5	0	0	Box#0#0#2.5,2.5,2.5#0,0,0	1		0,0.2,0.5	0	0	0	0	4	0	1	32	5		1						g2069_hit_1.effect	0,1.5,0#1						0.2#0.1#1#0.9#0.25		flash_red					
2	26072	我爱罗-普攻2	Missile	1														g2069_skill_woailuo_02			s26072		Self	1	4	0,0.2,0.5	0	0	Box#0#0#2.5,2.5,2.5#0,0,0	1		0,0.2,0.5	0	0	0	0	4	0	1	32	5		1						g2069_hit_1.effect	0,1.5,0#1						0.2#0.1#1#0.9#0.2		flash_red					
3	26073	我爱罗-普攻3	Missile	1														g2069_skill_woailuo_03			s26073		Self	1	6	0,0.2,0.5	0	0	Box#0#0#2.5,2.5,2.5#0,0,0	1		0,0.2,0.5	0	0	0	0	4	0	1	32	5		1						g2069_hit_1.effect	0,1.5,0#1						0.2#0.1#1#0.9#0.25		flash_red					
4	26074	我爱罗-普攻4	Missile	1														g2069_skill_woailuo_04			s26074		Self	1	6	0,0.2,1.5	0	0	Box#0#0#2.5,2.5,2.5#0,0,0	1		0,0.2,1.5	0	0	0	0	6	0	1	32	5		1.3						g2069_hit_1.effect	0,1.5,0#1						0.3#0.1#1.7#0.9#0.25		flash_red	0#2#0.7#3				
	26081	小南-普攻1	Missile	1														g2069_skill_xiaonan_01			s26081		Self	1	6	0,0.2,0.5	0	0	Box#0#0#2.5,2.5,2.5#0,0,0	1		0,0.2,0.5	0	0	0	0	4	0	1	32	5		1						g2069_hit_1.effect	0,1.5,0#1						0.2#0.1#1#0.9#0.25		flash_red					
	26082	小南-普攻2	Missile	1														g2069_skill_xiaonan_02			s26082		Self	1	4	0,0.2,0.5	0	0	Box#0#0#2.5,2.5,2.5#0,0,0	1		0,0.2,0.5	0	0	0	0	4	0	1	32	5		1						g2069_hit_1.effect	0,1.5,0#1						0.2#0.1#1#0.9#0.2		flash_red					
	26083	小南-普攻3	Missile	1														g2069_skill_xiaonan_03			s26083		Self	1	6	0,0.2,0.5	0	0	Box#0#0#2.5,2.5,2.5#0,0,0	1		0,0.2,0.5	0	0	0	0	4	0	1	32	5		1						g2069_hit_1.effect	0,1.5,0#1						0.2#0.1#1#0.9#0.25		flash_red					
	26084	小南-普攻4	Missile	1														g2069_skill_xiaonan_04			s26084		Self	1	6	0,0.2,1.5	0	0	Box#0#0#2.5,2.5,2.5#0,0,0	1		0,0.2,1.5	0	0	0	0	6	0	1	32	5		1.3						g2069_hit_1.effect	0,1.5,0#1						0.3#0.1#1.7#0.9#0.25		flash_red	0#2#0.7#3				
	26091	白胡子-普攻1	Missile	1	1													g2069_skill_baihuzi_01			s26091		Self	1	7	0,0.2,0.5	0	0	Box#0#0#3,2,3	1		0,0.2,0.5	0	0	0	0	4	0	1	32	5		1						g2069_hit_1.effect	0,1.5,0#1				hit_sword2		0.2#0.1#1#0.9#0.2		flash_red	0#0.5#0.2#3				
	26092	白胡子-普攻2	Missile	1	1													g2069_skill_baihuzi_02			s26092		Self	1	7	0,0.2,0.5	0	0	Box#0#0#3,2,3	1		0,0.2,0.5	0	0	0	0	4	0	1	32	5		1						g2069_hit_1.effect	0,1.5,0#1				hit_sword2		0.2#0.1#1#0.9#0.25		flash_red	0#0.5#0.2#3				
	26093	白胡子-普攻3	Missile	1	1													g2069_skill_baihuzi_03			s26093		Self	1	9	0,0.2,0.5	0	0	Box#0#0#3,2,3	1		0,0.2,0.5	0	0	0	0	4	0	1	32	5		1						g2069_hit_1.effect	0,1.5,0#1				hit_sword2		0.2#0.1#1#0.9#0.3		flash_red	0#0.5#0.2#3				
	26094	白胡子-普攻4	Missile	1	1												800	g2069_skill_baihuzi_04			s26094		Self	1	10	0,0.2,0.5	0	0	Box#0#0#2,2,3.5	1		0,0.2,0.5	0	0	0	0	4	0	1	32	5		1.3						g2069_hit_1.effect	0,1.5,0#1				hit_sword2		0.2#0.1#1.5#0.9#0.35		flash_red	0#1.5#0.5#3				
	26101	佩恩-普攻1	Missile	1	1													g2069_skill_peien_01			s26101		Self	1	6	0,0.2,0.5	0	0	Box#0#0#2.3,2,2.3#0,0,0	1		0,0.2,0.5	0	0	0	0	4	0	1	32	5		1						g2069_hit_1.effect	0,1.5,0#1				hit_sword1		0.2#0.1#1#0.9#0.2		flash_red					
	26102	佩恩-普攻2	Missile	1	1													g2069_skill_peien_02			s26102		Self	1	6	0,0.2,0.5	0	0	Box#0#0#2.3,2,2.3#0,0,0	1		0,0.2,0.5	0	0	0	0	4	0	1	32	5		1						g2069_hit_1.effect	0,1.5,0#1				hit_sword1		0.2#0.1#1#0.9#0.2		flash_red					
	26103	佩恩-普攻3	Missile	1	1											0#0#1	700	g2069_skill_peien_04	g2069_skill_peien_03.effect	0,0,0#1#0#1	s26103		Self	1	8	0,-1.5,1.5	0	0	Sphere#3#0#0,0,0#0,0,0	1		0,-1.5,1.5	0	0	0	0	4	0	1	32	5		1						g2069_hit_1.effect	0,1.5,0#1						0.3#0.1#1#0.9#0.3		flash_red		0.5#0#0			
	26104	佩恩-普攻4	Missile	1	1											0#0#1	700	g2069_skill_peien_03	g2069_skill_peien_04.effect	0,0,0#1#0.15#1	s26104		Self	1	7	0,-0.75,0	0	0	Sphere#2.5#0#0,0,0#0,0,0	1		0,-0.75,0	0	0	0	0	4	0	1	32	5		1.3						g2069_hit_1.effect	0,1.5,0#1						0.3#0.1#1.5#0.9#0.3		flash_red	0#2#0.5#3				
	35011	练习生-砸地	Missile					0#1#0	0.4#3#1.3	0.15#0#0.5#0	g2069_skill_base_ground1	g2069_storage_start.effect	0,1,0#0.4			0#0#0		g2069_skill_base_ground2	g2069_skill_base_ground.effect	0,0,0#1.5#0.05#1	s35011		Self	1	3	0,0,0	0	0	Cylinder#4.5#3.5#0,0,0#0,0,0	1			0	0	0	0	4	0	1	32	99		7						g2069_hit_1.effect	0,1.5,0#1						0.4#0.1#2#0.9#0.1		flash_red	0.9#0#0#0				
	35012	练习生-冲拳	Missile					0#1#0	0.3#3#1	0.15#0#0.5#0.5	g2069_skill_base_punch1	g2069_storage_start.effect	0,1,0#0.4			0#0#0		g2069_skill_base_punch2			s35012	0#3#-0.6#0.33#0	Self	1	0	0,-1.5,-1	0	0	Sphere#3.2#0#0,0,0#0,0,0	1		0,-1.5,-1	0	0	0	0	7	0	1	32	99		5						g2069_hit_1.effect	0,1.5,0#1						0.4#0.1#2#0.9#0.1		flash_red	0#2#0.5#4				
	36011	路飞-橡胶火箭	Missile					0#1#0	0.3#3#1	0.15#0#0.5#0.5	g2069_skill_lufei_a1	g2069_storage_start.effect	0,1,0#0.4	s36011a		0#0#0		g2069_skill_lufei_a2			s36011b	0#3.4#-0.5#0.4#0	Self	1	0	0,-1.5,-2.5	0	0	Sphere#3.5#0#0,0,0#0,0,0	1		0,-1.5,-2.5	0	0	0	0	8	0	1	32	99		6						g2069_hit_1.effect	0,1.5,0#1						0.4#0.1#2#0.9#0		flash_red	0.5#0.8#0#4				
	37011	路飞-橡胶火箭-觉醒	Missile					0#1#0	0.3#3#1	0.15#0#0.5#0.5	g2069_skill_lufei_a1	g2069_storage_start.effect	0,1,0#0.4	s36011a		0#0#0		g2069_skill_lufei_aa2			s36011b	0#3.4#-0.5#0.4#0	Self	1	0	0,-2.5,-3.5	0	0	Sphere#4.5#0#0,0,0#0,0,0	1		0,-2.5,-3.5	0	0	0	0	8	0	1	32	99		7						g2069_hit_1.effect	0,1.5,0#1						0.4#0.1#2#0.9#0		flash_red	0.5#0.8#0#4				
	360121	路飞-橡胶机关枪1段	Missile					0#1#0	0.4#3#1.15	0.13#0#0#0	g2069_skill_lufei_b1	g2069_storage_start.effect	0,1,0#0.4			0#1#1		g2069_skill_lufei_b2			s36012		Self	1	4	0,0,5	0	0	Box#0#0#6.5,5,11	1		0,0,5	0	0	0	0	20	0	1	32	2		0.5						g2069_hit_1.effect	0,1.5,0#1						1.2#0.1#1#1#0.1		flash_red					
	360122	路飞-橡胶机关枪2段	Missile							0.13#0#0.5#0									g2069_skill_lufei_b2.effect	0,0,0#2.5#0.3#0	s360122			1	6	0,-2,7	0	0	Box#0#0#7,7,15	0			0	0	0	0	6	0	1	32	99		3						g2069_hit_1.effect	0,1.5,0#1						0.4#0.1#2#0.9#0.3		flash_red	0.6#0.6#0#3				
	370121	路飞-橡胶机关枪1段-觉醒	Missile					0#1#0	0.4#3#1.15	0.13#0#0#0	g2069_skill_lufei_b1	g2069_storage_start.effect	0,1,0#0.4			1#1#1		g2069_skill_lufei_bb2			s36012		Self	1	4	0,0,7	0	0	Box#0#0#10,5,15	1		0,0,7	0	0	0	0	20	0	1	32	2		0.6						g2069_hit_1.effect	0,1.5,0#1						1.2#0.1#1#1#0.1		flash_red					
	370122	路飞-橡胶机关枪2段-觉醒	Missile							0.13#0#0.5#0									g2069_skill_lufei_bb2.effect	0,0,2#2.5#0.3#0	s360122			1	6	0,-2.5,8.5	0	0	Box#0#0#10,10,18	0			0	0	0	0	6	0	1	32	99		4						g2069_hit_1.effect	0,1.5,0#1						0.4#0.1#2#0.9#0.3		flash_red	0.6#0.6#0#3				
	36013	路飞-橡胶锤	Missile					0#1#0	0.5#3#1.3	0.12#0#0.5#0	g2069_skill_lufei_c1	g2069_storage_start.effect	0,1,0#0.4			0#0#0		g2069_skill_lufei_c2	g2069_skill_lufei_c2.effect	0,-2,0#2.5#0.7#0	s36013	80#2#-0.8#0.25#0.15		1	16	0,-4,2	0	0	Cylinder#9#13#0,0,0#0,0,0	0			0	0	0	0	5	0	1	32	99		12						g2069_hit_1.effect	0,1.5,0#1						0.6#0.1#3.5#1#0.7		flash_red	1.1#0#0#0				
	37013	路飞-橡胶锤-觉醒	Missile					0#1#0	0.5#3#1.3	0.12#0#0.5#0	g2069_skill_lufei_c1	g2069_storage_start.effect	0,1,0#0.4			0#0#0		g2069_skill_lufei_cc2	g2069_skill_lufei_cc.effect	0,-2,0#3.5#0.7#0	s36013	80#2#-0.8#0.25#0.15		1	16	0,-4,2	0	0	Cylinder#11#15#0,0,0#0,0,0	0			0	0	0	0	5	0	1	32	99		13.6						g2069_hit_1.effect	0,1.5,0#1						0.6#0.1#3.5#1#0.7		flash_red	1.3#0#0#0				
	36014	路飞-二档	State			36014										0#0#0		g2069_skill_lufei_d	g2069_skill_baoqi.effect	0,0,0#1#0#1	s50001																																			0.2#0.1#1.5#0.9#0							
	37014	路飞-二档-觉醒	State			37014										0#0#0		g2069_skill_lufei_d	g2069_skill_baoqi.effect	0,0,0#1#0#1	s50001																																			0.2#0.1#1.5#0.9#0							
	36021	索隆-二斩·闪	Missile					0#1#0	0.3#3#1	0.15#0#0.3#0.5	g2069_skill_suolong_a1	g2069_storage_start.effect	0,1,0#0.4			0#0#0		g2069_skill_suolong_a2			s36021	0#3#-0.4#0.25#0	Self	1	0	0,0,1	0	0	Box#0#0#6,3,6	1		0,0,1	0	0	0	0	4	0	1	32	99		6						g2069_hit_1.effect	0,1.5,0#1						0.3#0.1#1.5#0.9#0		flash_red	0.0#1.5#0.3#4				
	37021	索隆-二斩·闪-觉醒	Missile					0#1#0	0.3#3#1	0.15#0.3#0.3#0.5	g2069_skill_suolong_a1	g2069_storage_start.effect	0,1,0#0.4			0#0#0		g2069_skill_suolong_aa2			s36021	0#3#-0.4#0.25#0	Self	1	0	0,0,1	0	0	Box#0#0#8,4,6	0			2	0	0	0	12	0	1	32	99		7				g2069_skill_suolong_aa.effect	0,0,0#1.6	g2069_hit_1.effect	0,1.5,0#1						0.3#0.1#1.5#0.9#0		flash_red	0.0#1.5#0.3#4				
	36022	索隆-烦恼风	Missile					0#1#0	0.4#3#1.15	0.14#0.5#0.3#0	g2069_skill_suolong_b1	g2069_skill_suolong_b1.effect	0,0,0#1			0#0#0		g2069_skill_suolong_b2			s36022			1	4	0,-1,0	0	0	Box#0#0#8,8,8	0			1.2	0	0	0	20	0	1	32	99		8				g2069_skill_suolong_b2.effect	0,3,2#1	g2069_hit_1.effect	0,1.5,0#1						0.4#0.1#2#0.9#0		flash_red	0.5#0.5#0#3				
	37022	索隆-烦恼风-觉醒	Missile					0#1#0	0.4#3#1.15	0.14#0.5#0.3#0	g2069_skill_suolong_b1	g2069_skill_suolong_b1.effect	0,0,0#1			0#0#0		g2069_skill_suolong_b2			s36022			1	4	0,-1,0	0	0	Box#0#0#12,12,12	0			1.4	0	0	0	20	0	1	32	99		9				g2069_skill_suolong_bb.effect	0,3,2#1.3	g2069_hit_1.effect	0,1.5,0#1						0.4#0.1#2#0.9#0		flash_red	0.5#0.5#0#3				
	36023	索隆-龙卷风-一段	Missile					0#1#0	0.5#3#1.3	0.12#0#0.3#0	g2069_skill_suolong_c1	g2069_skill_suolong_b1.effect	0,0,0#1			0#0#0		g2069_skill_suolong_c2			s36023	0#3#-0.5#0.2#0	Self	1	0	0,0,0	0	0	Cylinder#6.5#3#0,0,0#0,0,0	1		0,0,0	0	0	0	0	6	0	1	32	99		3			360232			g2069_hit_1.effect	0,1.5,0#1						0.4#0.1#2#0.9#0#48							
	360232	索隆-龙卷风-二段	Missile							0.12#0#0.1#0									g2069_skill_suolong_c2.effect	0,0,0#1.5				1	2	0,-1,0	0	0	Cylinder#7.5#16#0,0,0#0,0,0	0			0	0	0	0	34	0	1	32	5		1.2						g2069_hit_1.effect	0,1.5,0#1			s360232			1.5#0.1#2#0.95#0#48		flash_red	0.45#0#0#0				
	37023	索隆-龙卷风-一段-觉醒	Missile					0#1#0	0.5#3#1.3	0.12#0#0.3#0	g2069_skill_suolong_c1	g2069_skill_suolong_b1.effect	0,0,0#1			0#0#0		g2069_skill_suolong_cc2			s36023	0#3#-0.5#0.2#0	Self	1	0	0,0,0	0	0	Cylinder#8#4#0,0,0#0,0,0	1		0,0,0	0	0	0	0	6	0	1	32	99		3			370232			g2069_hit_1.effect	0,1.5,0#1						0.4#0.1#2#0.9#0#48							
	370232	索隆-龙卷风-二段-觉醒	Missile							0.12#0#0.1#0									g2069_skill_suolong_cc.effect	0,0,0#1.8				1	2	0,-1,0	0	0	Cylinder#10#20#0,0,0#0,0,0	0			0	0	0	0	34	0	1	32	5		1.4						g2069_hit_1.effect	0,1.5,0#1			s360232			1.5#0.1#2#0.95#0#48		flash_red	0.45#0#0#0				
	36024	索隆-三刀流奥义	Missile					0#1#0	0.6#3#1.5	0.1#0#0.3#0	g2069_skill_suolong_d1	g2069_skill_suolong_b1.effect	0,0,0#1			0#0#0		g2069_skill_suolong_d2	g2069_skill_suolong_d.effect	0,0.1,0#1.8#0#0	s36024		Self	1	2	0,-15,0	0	0	Sphere#16#0#0,0,0#0,0,0	0			0	0	0	0	28	0	1	32	5		2.25						g2069_hit_1.effect	0,1.5,0#1						1.3#0.1#3#1#0#64		flash_red	0#0.5#0.2#3				
	37024	索隆-三刀流奥义-觉醒	Missile					0#1#0	0.6#3#1.5	0.1#0#0.3#0	g2069_skill_suolong_d1	g2069_skill_suolong_b1.effect	0,0,0#1			0#0#0		g2069_skill_suolong_d2	g2069_skill_suolong_dd.effect	0,0.1,0#2.2#0#0	s36024		Self	1	2	0,-15,0	0	0	Sphere#20#0#0,0,0#0,0,0	0			0	0	0	0	28	0	1	32	5		2.4						g2069_hit_1.effect	0,1.5,0#1						1.3#0.1#3#1#0#64		flash_red	0#0.5#0.2#3				
	36031	鸣人-螺旋丸-一段	Missile					0#1#0	0.3#3#1	0#0#0.2#0.5	g2069_skill_mingren_a1			s36031a		0#0#0		g2069_skill_mingren_a2	g2069_skill_mingren_a2.effect	0,2.7,0.5#1.5#0.4#1		0#1.8#-0.25#0.35#0.15	Self	1	0	0,0,0	0	0	Sphere#2.2#0#0,0,0#0,0,0	1		0,0,0	0	0	0	0	6	0	1	32	99		0			360312			g2069_hit_1.effect	0,1.5,0#1								flash_red	0.0#1.5#0.3#4				
	360312	鸣人-螺旋丸-二段	Missile							0.15#0#0.3#0											s36031b			1	0	0,-2.5,0.5	0	0	Sphere#5#0#0,0,0#0,0,0	1		0,-2.5,0.5	0	0	0	0	12	0	1	32	99		6						g2069_hit_1.effect	0,1.5,0#1						0.3#0.1#2##0.9#0#32		flash_red	0.3#0.1#0#3				
	37031	鸣人-螺旋丸-一段-觉醒	Missile					0#1#0	0.3#3#1	0#0#0.2#0.5	g2069_skill_mingren_a1			s36031a		0#0#0		g2069_skill_mingren_a2	g2069_skill_mingren_a2.effect	0,2.7,0.5#1.8#0.4#1		0#1.8#-0.25#0.35#0.15	Self	1	0	0,0,0	0	0	Sphere#2.2#0#0,0,0#0,0,0	1		0,0,0	0	0	0	0	6	0	1	32	99		0			370312			g2069_hit_1.effect	0,1.5,0#1								flash_red	0.0#1.5#0.3#4				
	370312	鸣人-螺旋丸-二段-觉醒	Missile							0.15#0#0.3#0											s36031b			1	0	0,-3,0.5	0	0	Sphere#6#0#0,0,0#0,0,0	1		0,-3,0.5	0	0	0	0	12	0	1	32	99		4			370313			g2069_hit_1.effect	0,1.5,0#1						0.3#0.1#2##0.9#0#32		flash_red	0.3#0.1#0#3				
	370313	鸣人-螺旋丸-三段-觉醒	Missile							0.15#0#0.3#0									g2069_skill_mingren_aa.effect	0,4,0#2.1				1	0	0,-1.5,0.5	0	0	Sphere#6#0#0,0,0#0,0,0	0			2.2	0	0	0	8	0	1	32	99		4						g2069_hit_1.effect	0,1.5,0#1						0.3#0.1#2##0.9#0#32		flash_red	0#1.5#0.2#3				
	36032	鸣人-螺旋丸手里剑-一段	Missile					0#1#0	0.4#3#1.1	0#0.5#0#0	g2069_skill_mingren_b1			s36032		0#0#0		g2069_skill_mingren_b2					Camera	1	12	0,1.3,1.5	0	10	Cylinder#1#0.5#0,0,0#0,0,0	0			1.5	0	0	0	20	2	1	16	99	1	0			360322	g2069_skill_mingren_b2.effect	0,0.5,0#1.5			g2069_skill_mingren_b2.effect	0,0.5,0#1.5				0.3#0.1#2#0.9#0.4							
	360322	鸣人-螺旋丸手里剑-二段	Missile							0.14#0#0.3#0									g2069_skill_mingren_b3.effect	0,-3,0#2.7#0#0	s360322			1	0	0,-15,0	0	0	Sphere#12#0#0,0,0#0,0,0	0			0	0	0	0	19	0	1	32	4		1.9						g2069_hit_1.effect	0,1.5,0#1						0.6#0.1#1#0.95#0#48		flash_red	0.3#0.1#0#2				
	37032	鸣人-螺旋丸手里剑-一段-觉醒	Missile					0#1#0	0.4#3#1.1	0#0.5#0#0	g2069_skill_mingren_b1			s36032		0#0#0		g2069_skill_mingren_b2					Camera	1	12	0,1.3,1.5	0	10	Cylinder#1#0.5#0,0,0#0,0,0	0			1.5	0	0	0	20	2	1	16	99	1	0			370322	g2069_skill_mingren_b2.effect	0,0.5,0#1.5			g2069_skill_mingren_b2.effect	0,0.5,0#1.5				0.3#0.1#2#0.9#0.4							
	370322	鸣人-螺旋丸手里剑-二段-觉醒	Missile							0.14#0#0.3#0									g2069_skill_mingren_bb.effect	0,-3,0#3.5#0#0	s360322			1	0	0,-15,0	0	0	Sphere#15#0#0,0,0#0,0,0	0			0	0	0	0	39	0	1	32	5		1.37						g2069_hit_1.effect	0,1.5,0#1						0.6#0.1#1#0.95#0#48		flash_red	0.3#0.1#0#2				
	36033	鸣人-尾兽化	State			36033												g2069_skill_baoqi	g2069_skill_baoqi.effect	0,0.5,0#1#0.5#1	s50001																																										
	37033	鸣人-尾兽化-觉醒	State			37033												g2069_skill_baoqi	g2069_skill_baoqi.effect	0,0.5,0#1#0.5#1	s50001																																										
	38033	鸣人-尾兽化-觉醒1	State			38033												g2069_skill_baoqi	g2069_skill_baoqi.effect	0,0.5,0#1#0.5#1	s50001																																										
	360341	鸣人-尾兽玉-一段	Missile					0#1#0	0.3#3#1.3	0#0.5#0#0	g2069_skill_mingren_c1	g2069_storage_start.effect	0,1,0#0.4			1#1#1	500	g2069_skill_mingren_c2			s36034a		Camera	1	2	0,0.8,2	0	15	Box#0#0#1.5,1.5,1.5	0			2.5	0	0	0	7	0	1	16	99	1	0			360344	g2069_skill_mingren_c2.effect	0,1,0#0.6								0.2#0.1#1.5#0.9#0							
	360342	鸣人-尾兽玉-二段	Missile							0#0.5#0#0											s36034a		Camera	1	2	0,0.8,2	0	15	Box#0#0#1.5,1.5,1.5	0			2.5	0	0	0	8	0	1	16	99	1	0			360345	g2069_skill_mingren_c2.effect	0,1,0#0.6								0.2#0.1#1.5#0.9#0							
	360343	鸣人-尾兽玉-三段	Missile							0#0.5#0#0											s36034a		Camera	1	2	0,0.8,2	0	15	Box#0#0#1.5,1.5,1.5	0			2.5	0	0	0	9	0	1	16	99	1	0			360346	g2069_skill_mingren_c2.effect	0,1,0#0.6								0.2#0.1#1.5#0.9#0							
	360344	鸣人-尾兽玉-爆1	Missile							0.12#0#0.2#0									g2069_skill_mingren_c3.effect	0,0,0#2.7#0#0	s36034b			1	0	0,-9,0	0	0	Sphere#11#0#0,0,0#0,0,0	0			0	0	0	0	8	0	1	32	99		3						g2069_hit_1.effect	0,1.5,0#1						0.3#0.1#2#0.9#0#64		flash_red	0.5#0.2#0#2				
	360345	鸣人-尾兽玉-爆2	Missile							0.12#0#0.2#0									g2069_skill_mingren_c3.effect	0,0,0#3#0#0	s36034b			1	0	0,-11,0	0	0	Sphere#12#0#0,0,0#0,0,0	0			0	0	0	0	8	0	1	32	99		4						g2069_hit_1.effect	0,1.5,0#1						0.3#0.1#2.5#0.9#0#64		flash_red	0.5#0.2#0#2				
	360346	鸣人-尾兽玉-爆3	Missile							0.12#0#0.2#0									g2069_skill_mingren_c3.effect	0,0,0#3.3#0#0	s36034b			1	0	0,-12,0	0	0	Sphere#13#0#0,0,0#0,0,0	0			0	0	0	0	8	0	1	32	99		6						g2069_hit_1.effect	0,1.5,0#1						0.3#0.1#3#0.9#0#64		flash_red	0.5#0.2#0#2				
	37034	鸣人-尾兽玉-一段-觉醒	Missile					0#1#0	0.3#3#1.3	0#0.5#0#0	g2069_skill_mingren_cc1	g2069_storage_start.effect	0,1,0#0.4			1#1#1	500	g2069_skill_mingren_cc2			s36034a		Camera	1	8	0,0.8,2	0	15	Box#0#0#1.5,1.5,1.5	0			1.8	0	0	0	20	0	1	16	99	1	0			370341	g2069_skill_mingren_c2.effect	0,1,0#1								0.2#0.1#1.5#0.9#0							
	370341	鸣人-尾兽玉-爆-觉醒	Missile							0.12#0#0#0									g2069_skill_mingren_cc.effect	0,0,0#4.7#0#0	s36034b			1	0	0,-18,0	0	0	Sphere#19#0#0,0,0#0,0,0	0			0	0	0	0	34	0	1	32	5		1.95						g2069_hit_1.effect	0,1.5,0#1						0.3#0.1#3#0.9#0#64		flash_red	0.5#0#0#0				
	36041	佐助-千鸟-一段	Missile					0#1#0	0.3#3#1	0#0#0.2#0.5	g2069_skill_zuozhu_a1			s36041a		0#0#0		g2069_skill_zuozhu_a2	g2069_skill_zuozhu_a2.effect	0,3,0.5#1.8#0.4#1		0#1.8#-0.25#0.35#0.15	Self	1	0	0,0,0	0	0	Sphere#2.2#0#0,0,0#0,0,0	1		0,0,0	0	0	0	0	6	0	1	32	99		0			360412			g2069_hit_1.effect	0,1.5,0#1								flash_red	0.0#1.5#0.3#4				
	360412	佐助-千鸟-二段	Missile				36061			0.15#0#0.3#0											s36041b			1	0	0,-2,0.5	0	0	Sphere#5#0#0,0,0#0,0,0	1		0,-2,0.5	0	0	0	0	8	0	1	32	99		6						g2069_hit_1.effect	0,1.5,0#1						0.3#0.1#2#0.9#0#32		flash_red	0.3#0.05#0#3				
	37041	佐助-千鸟-一段-觉醒	Missile					0#1#0	0.3#3#1	0#0#0.2#0.5	g2069_skill_zuozhu_a1			s36041a		0#0#0		g2069_skill_zuozhu_a2				0#1.8#-0.25#0.35#0.15	Self	1	0	0,0,0	0	0	Sphere#2.2#0#0,0,0#0,0,0	1		0,0,0	0	0	0	0	8	0	1	32	99		0			370412			g2069_hit_1.effect	0,1.5,0#1								flash_red	0.0#1.5#0.3#4				
	370412	佐助-千鸟-二段-觉醒	Missile				36061			0.15#0#0.3#0									g2069_skill_zuozhu_aa.effect	0,3,0#2.3#0#0	s36041b			1	0	0,-5,0	0	0	Sphere#7#0#0,0,0#0,0,0	0			0.3	0.1	0	0	35	0	1	32	6		1.2						g2069_hit_1.effect	0,1.5,0#1						0.3#0.1#2#0.9#0#32		flash_red	0.3#0.1#0#1				
	36042	佐助-天照	Missile				36042	0#1#0	0.4#0.5		g2069_skill_zuozhu_b1					0#0#0		g2069_skill_zuozhu_b2	g2069_skill_zuozhu_b.effect	0,0.5,0#1#0.5#0	s36042			1	14	0,0,9	0	0	Box#0#0#9,6,26	0			0	0	0	0	119	0	1	32	10		0.7						g2069_hit_1.effect	0,1.5,0#1								flash_red					
	37042	佐助-天照-一段-觉醒	Missile				36042	0#1#0	0.4#3#1.15	0#0.5#0#0	g2069_skill_zuozhu_b1					0#0#0		g2069_skill_zuozhu_b2			s36042			1	6	0,-1,3	0	0	Cylinder#8#5#0,0,0#0,0,0	0			0.8	0	0	0	19	0	1	32	4		0.4			370421	g2069_skill_zuozhu_bb.effect	0,0.5,0#2.5	g2069_hit_1.effect	0,1.5,0#1								flash_red		0.3#0#0			
	370421	佐助-天照-二段-觉醒	Missile				36042#37042												g2069_skill_zuozhu_bb1.effect	0,1.5,0#2#0#0				1	0	0,0,0	0	0	Cylinder#13#13#0,0,0#0,0,0	0			0	0	0	0	79	0	1	32	10		1						g2069_hit_1.effect	0,1.5,0#1								flash_red	0.3#0#0#0				
	36043	佐助-须佐能乎	State			36043					g2069_boy_boxing_idle2					0#0#0		g2069_skill_baoqi2	g2069_skill_baoqi2.effect	0,0,0#1#1#1	s50001																																			0.2#0.1#1.5#0.9#0							
	37043	佐助-须佐能乎-觉醒	State			37043					g2069_boy_boxing_idle2					0#0#0		g2069_skill_baoqi2	g2069_skill_baoqi2.effect	0,0,0#1#1#1	s50001																																			0.2#0.1#1.5#0.9#0							
	38043	佐助-须佐能乎-觉醒1	State			38043					g2069_boy_boxing_idle2					0#0#0		g2069_skill_baoqi2	g2069_skill_baoqi2.effect	0,0,0#1#1#1	s50001																																			0.2#0.1#1.5#0.9#0							
	36044	佐助-须佐能乎箭-一段	Missile					0#1#0	0.5#3#1.3	0#0.6#0#0	g2069_skill_zuozhu_c1	g2069_storage_start.effect	0,1,0#0.4			0#0#0		g2069_skill_zuozhu_c2			s36044		Camera	1	0	0,1,2	0	15	Box#0#0#1,1,1	0			2.5	0	0	0	20	0	1	16	99	1	0			360442	g2069_skill_zuozhu_c2.effect	0,0.5,0#2								0.3#0.1#2#0.9#0							1#0.45
	360442	佐助-须佐能乎箭-二段	Missile							0.12#0#0.3#0									g2069_skill_zuozhu_c4.effect	0,0,0#3.3	s360442			1	0	0,-18,0	0	0	Sphere#20#0#0,0,0#0,0,0	0			0	0	0	0	15	0	1	32	6		4.3						g2069_hit_1.effect	0,1.5,0#1						0.5#0.1#3#0.95#0#64		flash_red	0.5#0.15#0#2			500	
	37044	佐助-须佐能乎箭-一段-觉醒	Missile					0#1#0	0.5#3#1.3	0#2#0#0	g2069_skill_zuozhu_cc1	g2069_storage_start.effect	0,1,0#0.4			0#0#0		g2069_skill_zuozhu_cc2			s36044			1	0	0,1,10	0	0	Box#0#0#1,1,1	0			1.6	0	0	0	10	0	1	32	99	1	0			370442										0.3#0.1#2#0.9#0							1#0.45
	370442	佐助-须佐能乎箭-二段-觉醒	Missile							0.12#0#0.3#0									g2069_skill_zuozhu_cc.effect	0,0,0#2.5	s360442			1	0	0,-3,0	0	0	Cylinder#30#30#0,0,0#0,0,0	0			0	0	0	0	33	0	1	32	7		2.8						g2069_hit_1.effect	0,1.5,0#1						1.5#0.1#2#0.95#0#64		flash_red	0.5#0#0#0			500	
	36051	艾斯-火拳	Missile				40001	0#1#0	0.3#3#1	0.15#0.5#0.3#0	g2069_skill_aisi_a1					0#0#0		g2069_skill_aisi_a2			s36051			1	5	0,-1,0	0	0	Box#0#0#8,7,6	0			1.2	0	0	0	12	0	1	32	99		6				g2069_skill_aisi_a3.effect	0,0,0#3.5	g2069_hit_fire.effect	0,1.5,0#1						0.3#0.1#2#0.9#0#32		flash_red	0#1.6#0.2#1				
	37051	艾斯-火拳-觉醒	Missile				40001	0#1#0	0.3#3#1	0.15#0.3#0.3#0	g2069_skill_aisi_a1					0#0#0		g2069_skill_aisi_a2			s36051			1	5	0,-1,0	0	0	Box#0#0#9,8,7	0			1	0	0	0	28	0	1	32	99		6.8				g2069_skill_aisi_aa.effect	0,-1,-1.5#5	g2069_hit_fire.effect	0,1.5,0#1						0.3#0.1#2#0.9#0#32		flash_red	0#1.6#0.2#1				
	36052	艾斯-火摩达	Missile				40001	0#1#0	0.4#3#1.15	0.14#0#0.5#0	g2069_skill_aisi_b1	g2069_storage_start.effect	0,1,0#0.4			0#0#0		g2069_skill_aisi_b2	g2069_skill_aisi_b.effect	0,0.5,0#1.3#0#0	s36052a			1	14	0,-1.5,6.5	0	0	Box#0#0#16,9,12	0			0	0	0	0	10	0	1	32	99		7.6						g2069_hit_fire.effect	0,1.5,0#1			s36052b			0.3#0.1#2#0.9#0.7#32		flash_red	0.5#0.3#0#2				
	37052	艾斯-火摩达-觉醒	Missile				40001	0#1#0	0.4#3#1.15	0.14#0#0.5#0	g2069_skill_aisi_b1	g2069_storage_start.effect	0,1,0#0.4			0#0#0		g2069_skill_aisi_b2	g2069_skill_aisi_bb.effect	0,0,0#1.5#0#0	s36052a			1	14	0,-1.5,6.5	0	0	Cylinder#19#11#0,0,0#0,0,0	0			0	0	0	0	10	0	1	32	99		8.8						g2069_hit_fire.effect	0,1.5,0#1			s36052b			0.3#0.1#2#0.9#0.7#32		flash_red	0.5#0.3#0#2				
	36053	艾斯-火柱	Missile				40001	0#1#0	0.5#3#1.3	0.12#0#0.3#0	g2069_skill_aisi_c1					0#0#0		g2069_skill_aisi_c2	g2069_skill_aisi_c.effect	0,0,0#1.3#0#0	s36053			1	2	0,-1,0	0	0	Cylinder#10#18#0,0,0#0,0,0	0			0	0	0	0	29	0	1	32	6		2						g2069_hit_fire.effect	0,1.5,0#1						0.8#0.1#2#0.95#0#64		flash_red	0.5#0#0#0			200	
	37053	艾斯-火柱-觉醒	Missile				40001	0#1#0	0.5#3#1.3	0.12#0.3#0#0	g2069_skill_aisi_c1					0#0#0		g2069_skill_aisi_c2			s36053			1	2	0,-1,0	0	0	Cylinder#13#25#0,0,0#0,0,0	0			1.2	0.1	0	0	31	0	1	32	6		2.2				g2069_skill_aisi_cc.effect	0,0,0#1.5	g2069_hit_fire.effect	0,1.5,0#1						0.8#0.1#2#0.95#0#64		flash_red		0.4#0#0		200	
	36054	艾斯-炎帝-一段	Missile					0#1#0	0.6#3#1.5	0#0.5#0#0	g2069_skill_aisi_d1			s36054		0#0#0		g2069_skill_aisi_d2			s36064b			1	0	0,4,2	0	45	Sphere#2#0#0,0,0#0,0,0	0			1	0	0.08	0	120	0	0	16	99	1	0			360542	g2069_skill_aisi_d2.effect	0,2,0#2								0.3#0.1#2#0.95#0#0							
	360542	艾斯炎帝-二段	Missile				40001			0.1#0#0.3#0									g2069_skill_aisi_d3.effect	0,0,0#3	s360542			1	0	0,-20,0	0	0	Sphere#25#0#0,0,0#0,0,0	0			0	0	0	0	10	0	1	32	99		13						g2069_hit_fire.effect	0,1.5,0#1						0.5#0.1#3#0.95#0#64		flash_red	0.6#0.4#0#2			500	
	37054	艾斯-炎帝-一段-觉醒	Missile					0#1#0	0.6#3#1.5	0#0.8#0#0	g2069_skill_aisi_d1			s36054		0#0#0		g2069_skill_aisi_d2			s36064b			1	0	0,4,2	0	45	Sphere#2#0#0,0,0#0,0,0	0			1	0	0.08	0	120	0	0	16	99	1	0			370542	g2069_skill_aisi_d2.effect	0,2,0#2								0.3#0.1#2#0.95#0#0							
	370542	艾斯炎帝-二段-觉醒	Missile				40001			0.1#0#0.3#0									g2069_skill_aisi_d3.effect	0,0,0#3.2	s360542			1	0	0,-20,0	0	0	Sphere#28#0#0,0,0#0,0,0	0			0	0	0	0	10	0	1	32	99		14.5	370543					g2069_hit_fire.effect	0,1.5,0#1						0.5#0.1#3#0.95#0#64		flash_red	0.6#0.4#0#2			500	
	370543	艾斯炎帝-三段-觉醒	Missile				40001												g2069_skill_aisi_dd.effect	0,18.5,0#2.8				1	0	0,20,0	0	0	Cylinder#30#6#0,0,0#0,0,0	0			0	0	0	0	100	0	1	32	8		0						g2069_hit_fire.effect	0,1.5,0#1													
	36055	艾斯-飞行	Fly			36055										1#1#0		g2069_skill_fly_1																																													
	36061	艾尼路-雷击	Missile				36061	0#1#0	0.3#3#1	0.15#0#0#0	g2069_skill_ainilu_a1				60#1.2#-0.2#0.25#0.15	0#0#0		g2069_skill_ainilu_a2	g2069_skill_ainilu_a.effect	0,-2.3,5#1	s36061			1	3	0,-3.3,5	0	0	Cylinder#6.5#5.5#0,0,0#0,0,0				0	0	0	0	10	0	1	32	99		6						g2069_hit_thunder.effect	0,1.5,0#1						0.3#0.1#2#0.9#0#32		flash_red					
	37061	艾尼路-雷击-觉醒	Missile				36061	0#1#0	0.3#3#1	0.15#0#0#0	g2069_skill_ainilu_a1				60#1.2#-0.2#0.25#0.15	0#0#0		g2069_skill_ainilu_a2	g2069_skill_ainilu_aa.effect	0,-1.8,5#0.8	s36061			1	3	0,-3.3,5	0	0	Cylinder#9.5#12#0,0,0#0,0,0				0	0	0	0	52	0	1	32	8		1.1						g2069_hit_thunder.effect	0,1.5,0#1						0.3#0.1#2#0.9#0#32		flash_red					
	36062	艾尼路-雷鸟	Missile				36064	0#1#0	0.3#3#1.15	0.14#0.6#0.3#0	g2069_skill_ainilu_b1					0#0#0		g2069_skill_ainilu_b2			s36062a			1	2	0,-1,0	0	0	Box#0#0#7,5,5	0			1.2	0	0	0	30	0	1	32	99		8				g2069_skill_ainilu_b2.effect	0,2,3#10	g2069_hit_thunder.effect	0,1.5,0#1			s36062b			0.3#0.1#2#0.9#0#32		flash_red	0#1.6#0.2#1				
	37062	艾尼路-雷鸟-觉醒	Missile				36064	0#1#0	0.3#3#1.15	0.14#0.6#0.3#0	g2069_skill_ainilu_b1					0#0#0		g2069_skill_ainilu_b2			s36062a			3	2#6#6	0,0,1#3.5,0,0#-3.5,0,0	0#-30#30	0	Box#0#0#6.5,5,4	0			1.2	0	0	0	30	0	1	32	99		9				g2069_skill_ainilu_b2.effect	0,2,3#10	g2069_hit_thunder.effect	0,1.5,0#1			s36062b			0.3#0.1#2#0.9#0#32		flash_red	0#1.6#0.2#1				
	36063	艾尼路-神之制裁	Missile				36061	0#1#0	0.5#3#1.3	0.12#0#0.5#0	g2069_skill_ainilu_c1			s36063a		0#0#0		g2069_skill_ainilu_c2	g2069_skill_ainilu_c.effect	0,0,5#1	s36063b			1	2	0,-1.5,5			Cylinder#10#18#0,0,0#0,0,0	0			0	0	0	0	29	0	1	32	6		2						g2069_hit_thunder.effect	0,1.5,0#1						0.8#0.1#2#0.95#0#64		flash_red					
	37063	艾尼路-神之制裁-觉醒	Missile				36061	0#1#0	0.5#3#1.3	0.12#0#0.5#0	g2069_skill_ainilu_c1			s36063a		0#0#0		g2069_skill_ainilu_c2	g2069_skill_ainilu_cc.effect	0,0,10#1.2	s36063b			1	2	0,-1.5,10			Cylinder#16#18#0,0,0#0,0,0	0			0	0	0	0	29	0	1	32	6		2.3						g2069_hit_thunder.effect	0,1.5,0#1						0.8#0.1#2#0.95#0#64		flash_red					
	36064	艾尼路-雷迎-一段	Missile					0#1#0	0.6#3#1.5	0#0.5#0#0	g2069_skill_ainilu_d1			s36064a		0#0#0		g2069_skill_ainilu_d2			s36064b			1	0	0,4,2	0	45	Sphere#2#0#0,0,0#0,0,0	0			1	0	0.08	0	120	0	0	16	99	1	0			360642	g2069_skill_ainilu_d2.effect	0,2,0#1.5								0.3#0.1#2#0.95#0#0						200	
	360642	艾尼路-雷迎-二段	Missile				36064			0.1#0#0.5#0									g2069_skill_ainilu_d3.effect	0,0,0#3	s360642			1	0	0,-20,0	0	0	Sphere#23#0#0,0,0#0,0,0	0			0	0	0	0	23	0	1	32	4		2.2						g2069_hit_thunder.effect	0,1.5,0#1						0.5#0.1#3#0.95#0#64		flash_red				500	
	37064	艾尼路-雷迎-一段-觉醒	Missile					0#1#0	0.6#3#1.5	0#0.8#0#0	g2069_skill_ainilu_d1			s36064a		0#0#0		g2069_skill_ainilu_d2			s36064b			1	0	0,4,2	0	45	Sphere#2#0#0,0,0#0,0,0	0			1	0	0.08	0	120	0	0	16	99	1	0			370642	g2069_skill_ainilu_d2.effect	0,2,0#1.5								0.3#0.1#2#0.95#0#0						200	
	370642	艾尼路-雷迎-二段-觉醒	Missile				36064			0.1#0#0.5#0									g2069_skill_ainilu_dd.effect	0,0,0#3.5	s360642			1	0	0,-24,0	0	0	Sphere#27#0#0,0,0#0,0,0	0			0	0	0	0	23	0	1	32	4		2.44						g2069_hit_thunder.effect	0,1.5,0#1						0.5#0.1#3#0.95#0#64		flash_red				500	
	36065	艾尼路-飞行	Fly			36065										1#1#0		g2069_skill_fly_2																																													
	36071	我爱罗-砂之手	Missile					0#1#0	0.3#3#1	0.15#0#0.5#0	g2069_skill_woailuo_a1					0#0#0		g2069_skill_woailuo_a2	g2069_skill_woailuo_a.effect	0,0,-2#2.5#0#0	s36071			1	6	0,-1,4	0	0	Cylinder#6.5#5#0,0,0#0,0,0	0			0	0	0	0	6	0	1	32	99		6						g2069_hit_1.effect	0,1.5,0#1						0.3#0.1#2#0.9#0.25#32		flash_red	0.85#0#0#0				
	37071	我爱罗-砂之手-觉醒	Missile					0#1#0	0.3#3#1	0.15#0#0.5#0	g2069_skill_woailuo_a1					0#0#0		g2069_skill_woailuo_a2	g2069_skill_woailuo_aa.effect	0,0,-2#2.5#0#0	s36071			1	6	0,-9,4	0	0	Sphere#10.5#0#0,0,0#0,0,0	0			0	0	0	0	6	0	1	32	99		7.4						g2069_hit_1.effect	0,1.5,0#1						0.3#0.1#2#0.9#0.25#32		flash_red	0.85#0#0#0				
	36072	我爱罗-砂散弹	Missile					0#1#0	0.4#0.5		g2069_skill_woailuo_b1					0#0#0		g2069_skill_woailuo_b2			s36072			1	0	0,-6,6	0	0	Box#0#0#18,18,18#0,0,0	0			0	0	0	0	38	0	1	32	4		0.85				g2069_skill_woailuo_b.effect	0,0,0#2	g2069_hit_1.effect	0,1.5,0#1						1.5#0.1#1#0.95#0#32		flash_red					
	37072	我爱罗-砂散弹-觉醒	Missile					0#1#0	0.4#0.5		g2069_skill_woailuo_b1					0#0#0		g2069_skill_woailuo_b2			s36072			1	0	0,-6,9	0	0	Box#0#0#20,23,25#0,0,0	0			0	0	0	0	38	0	1	32	4		0.95				g2069_skill_woailuo_bb.effect	0,0,0#3	g2069_hit_1.effect	0,1.5,0#1						1.5#0.1#1#0.95#0#32		flash_red					
	36073	我爱罗-砂瀑送葬-一段	Missile					0#1#0	0.5#3#1.3	0.12#0#0#0	g2069_skill_woailuo_c1					0#0#0		g2069_skill_woailuo_c2	g2069_skill_woailuo_c.effect	0,0,9#2#0#0	s36073			1	6	0,-1.5,9	0	0	Cylinder#13#10#0,0,0#0,0,0	0			0	0	0	0	34	0	1	32	5		0.57			360732			g2069_hit_1.effect	0,1.5,0#1						1.5#0.1#1.5#0.95#0#32		flash_red		0.5#0#1		200	
	360732	我爱罗-砂瀑送葬-二段	Missile							0.12#0#0#0											s360732			1	0	0,0,0	0	0	Sphere#14#0#0,0,0#0,0,0	0			0	0	0	0	5	0	1	32	99		7						g2069_hit_1.effect	0,1.5,0#1						0.3#0.1#3#0.9#0#48		flash_red	0.5#1.5#0.3#2			400	
	37073	我爱罗-砂瀑送葬-一段-觉醒	Missile					0#1#0	0.5#3#1.3	0.12#0#0#0	g2069_skill_woailuo_c1					0#0#0		g2069_skill_woailuo_c2	g2069_skill_woailuo_cc.effect	0,0,14#3.3#0#0	s36073			1	6	0,-1.5,14	0	0	Cylinder#19#13#0,0,0#0,0,0	0			0	0	0	0	34	0	1	32	5		0.57			370732			g2069_hit_1.effect	0,1.5,0#1						1.5#0.1#1.5#0.95#0#32		flash_red		0.5#0#0		200	
	370732	我爱罗-砂瀑送葬-二段-觉醒	Missile							0.12#0#0#0											s360732			1	0	0,0,0	0	0	Box#0#0#30,30,30#0,0,0	0			0	0	0	0	5	0	1	32	99		7						g2069_hit_1.effect	0,1.5,0#1						0.3#0.1#3#0.9#0#48		flash_red	0.5#1.5#0.3#2			400	
	36074	我爱罗-砂瀑大葬	Missile				36074	0#1#0	0.6#3#1.5	0.1#0#0.5#0	g2069_skill_woailuo_d1					0#0#0		g2069_skill_woailuo_d2	g2069_skill_woailuo_d.effect	0,0,0#1.3#0#0	s36074			1	0	0,0,0	0	0	Box#0#0#32,6,10#0,0,0	0			1	0	0	0	48	0	1	32	99		13						g2069_hit_1.effect	0,1.5,0#1						1#0.1#3#0.9#0#64		flash_red	1#0#0#0			500	
	37074	我爱罗-砂瀑大葬-觉醒	Missile				36074	0#1#0	0.6#3#1.5	0.1#0#0.5#0	g2069_skill_woailuo_d1					0#0#0	1000	g2069_skill_woailuo_d2	g2069_skill_woailuo_dd_2.effect	0,0,0#2.5#0#0	s36074			1	16	0,-1.5,0	0	0	Box#0#0#40,10,10#0,0,0	0			1.4	0	0	0	49	0	1	32	99		14.6				g2069_skill_woailuo_dd_1.effect	0,1,0#3	g2069_hit_1.effect	0,1.5,0#1						1#0.1#3#0.9#0#64		flash_red	1#0#0#0			500	
	36075	我爱罗-飞行	State			36075											200	g2069_skill_fly_3			s36075																																										
	36081	小南-纸之束缚-一段	Missile				36081	0#1#0	0.3#3#1	0.15#0#0#0	g2069_skill_xiaonan_a1							g2069_skill_xiaonan_a2	g2069_skill_xiaonan_a.effect	0,0,7#1.7#0#0	s36081			1	0	0,-0.8,7	0	0	Cylinder#7.5#4.6#0,0,0#0,0,0	0			0	0	0	0	21	0	1	32	6		1			360812										0.3#0.1#1.5#0.9#0#0		flash_red					
	360812	小南-纸之束缚-二段	Missile																					1	0	0,0,0	0	0	Cylinder#7.5#4.6#0,0,0#0,0,0	0			0	0	0	0	5	0	1	32	99		2						g2069_hit_1.effect	0,1.5,0#1						0.3#0.1#1.5#0.9#0#0		flash_red		0.3#0#0			
	37081	小南-纸之束缚-一段-觉醒	Missile				36081	0#1#0	0.3#3#1	0.15#0#0#0	g2069_skill_xiaonan_a1							g2069_skill_xiaonan_a2	g2069_skill_xiaonan_aa1.effect	0,0,7#2#0#0	s36081			1	0	0,-0.8,7	0	0	Cylinder#9.5#6#0,0,0#0,0,0	0			0.8	0	0	0	22	0	1	32	4		0.9			370812										0.3#0.1#1.5#0.9#0#0		flash_red		0.3#0#0			
	370812	小南-纸之束缚-二段-觉醒	Missile																					1	0	0,0,0	0	0	Cylinder#9.5#6#0,0,0#0,0,0	0			0	0	0	0	5	0	1	32	99		2						g2069_hit_1.effect	0,1.5,0#1						0.3#0.1#1.5#0.9#0#0		flash_red		0.3#0#0			
	36082	小南-纸龙卷-一段	Missile					0#1#0	0.4#3#1.15	0#0.8#0#0	g2069_skill_xiaonan_a1					0#0#0		g2069_skill_xiaonan_a2			s36082			1	0	0,1,2.5	0	0	Cylinder#2#6#0,0,0#0,0,0	0			0.6	0	0	0	22	3	1	16	99	1	0			360822	g2069_skill_xiaonan_b1.effect	0,-1,0#1	g2069_hit_1.effect	0,1.5,0#1	g2069_skill_xiaonan_b1.effect	0,0,0#1				0.3#0.1#1.5#0.9#0#0		flash_red					
	360822	小南-纸龙卷-二段	Missile							0.14#0#0.3#0	g2069_skill_xiaonan_a1								g2069_skill_xiaonan_b2.effect	0,-2,0#1.5#0#0	s360822			1	3	0,-2,0	0	0	Cylinder#7.5#18#0,0,0#0,0,0	0			0	0	0	0	10	0	1	32	99		8						g2069_hit_1.effect	0,1.5,0#1						0.4#0.1#2#0.9#0#48		flash_red	1.3#0#0#0				
	37082	小南-纸龙卷-一段-觉醒	Missile					0#1#0	0.4#3#1.15	0#0#0#0.6	g2069_skill_xiaonan_bb1					0#0#0	1600	g2069_skill_xiaonan_bb2			s36082	0#1.3#-0.1#1#0.2	Self	1	0	0,1,0	0	0	Cylinder#4.5#9#0,0,0#0,0,0	1		0,1,0	0	0	0	0	20	3	1	32	3		0			370822	g2069_skill_xiaonan_b1.effect	0,-1,0#1.4	g2069_hit_1.effect	0,1.5,0#1						0.3#0.1#1.5#0.9#0#0		flash_red		0.2#0#0			
	370822	小南-纸龙卷-二段-觉醒	Missile							0.14#0#0.3#0	g2069_skill_xiaonan_a1								g2069_skill_xiaonan_bb2.effect	0,-2,0#1.7#0#0	s360822			1	2	0,-2,0	0	0	Cylinder#8.5#20#0,0,0#0,0,0	0			0	0	0	0	59	0	1	32	6		0.95						g2069_hit_1.effect	0,1.5,0#1						0.4#0.1#2#0.9#0#48		flash_red	0.5#0#0#0				
	36083	小南-纸爆符-一段	Missile					0#1#0	0.5#3#1.3		g2069_skill_xiaonan_a1					0#0#0		g2069_skill_xiaonan_a2	g2069_skill_xiaonan_c.effect	0,0,-1.5#1.8#0#0	s36083			1	6	0,-0.5,2	0	0	Box#0#0#14,6,5	0			0.01	0	0	0	10	0	1	32	99		0	360832															0#1.3#0.3#1			300	
	360832	小南-纸爆符-二段	Missile				40001			0.12#0#0.5#0														1	14	0,0,6	0	0	Box#0#0#20,10,16	0			0	0	0	0	10	0	1	32	99		10.5						g2069_hit_fire.effect	0,1.5,0#1			s360832			0.4#0.1#2#0.9#0.7#48		flash_red	0.5#0.15#0#2				
	37083	小南-纸爆符-一段-觉醒	Missile					0#1#0	0.5#3#1.3		g2069_skill_xiaonan_a1					0#0#0		g2069_skill_xiaonan_a2	g2069_skill_xiaonan_cc.effect	0,0,-1.5#1.8#0#0	s36083			1	6	0,-1,2	0	0	Box#0#0#16,8,7	0			0.01	0	0	0	10	0	1	32	99		0	370832															0#1.3#0.3#1			300	
	370832	小南-纸爆符-二段-觉醒	Missile				40001			0.12#0#0.5#0														1	14	0,0,12	0	0	Box#0#0#26,12,27	0			0	0	0	0	10	0	1	32	99		12						g2069_hit_fire.effect	0,1.5,0#1			s360832			0.4#0.1#2#0.9#0.7#48		flash_red	0.5#0.15#0#2				
	36084	小南-纸之矛-一段	Missile					0#1#0	0.8#3#1.5		g2069_skill_xiaonan_d1				60#1.2#-0.2#0.25#0.15	0#0#0		g2069_skill_xiaonan_d2			s36084		Camera	1	2	0,2.5,1	0	-10	Box#0#0#1,1,2	0			1.5	0	0	0	20	0	1	16	99	1	0			360842	g2069_skill_xiaonan_d2.effect	0,0,0#1								0.3#0.1#2#0.9#0#48							
	360842	小南-纸之矛-二段	Missile							0.1#0#0#0									g2069_skill_xiaonan_d3.effect	0,0,0#2.5#0#0	s360842			1		0,-4,0	0	0	Cylinder#20#20#0,0,0#0,0,0	0			0	0	0	0	10	0	1	32	99		13.5						g2069_hit_1.effect	0,1.5,0#1						0.5#0.1#3#0.9#0#64		flash_red	0.5#0.15#0#2			500	
	37084	小南-纸之矛-一段-觉醒	Missile					0#1#0	0.8#3#1.5		g2069_skill_xiaonan_dd1				60#1.4#-0.2#0.35#0.15	0#0#0		g2069_skill_xiaonan_d2			s36084		Camera	1	2	0,2.5,1	0	-10	Box#0#0#1,1,2	0			1.5	0	0	0	30	0	1	16	99	1	0			370842	g2069_skill_xiaonan_dd2.effect	0,0,0#1.5								0.3#0.1#2#0.9#0#48							
	370842	小南-纸之矛-二段-觉醒	Missile							0.1#0#0#0									g2069_skill_xiaonan_dd3.effect	0,-2,0#2.2#0#0	s360842			1		0,-4,0	0	0	Cylinder#30#15#0,0,0#0,0,0	0			0	0	0	0	10	0	1	32	99		14.7						g2069_hit_1.effect	0,1.5,0#1						0.5#0.1#3#0.9#0#64		flash_red	0.5#0.15#0#2			500	
	36085	小南-飞行技能	State			36085										0#0#0		g2069_skill_xiaonan_a2	g2069_skill_baoqi2.effect	0,0,0#1#0#1																																											
	36091	白胡子-从云切	Missile					0#1#0	0.3#3#1	0.15#0#0.4#0	g2069_skill_baihuzi_a1			s36091a		0#0#0	700	g2069_skill_baihuzi_a2	g2069_skill_baihuzi_a4.effect	0,0.5,0#1.6#0#0	s36091b			1	2	0,-2,7.5	0	0	Box#0#0#11,8,16	0			0	0	0	0	10	0	1	32	99		6						g2069_hit_1.effect	0,1.5,0#1						0.3#0.1#2#0.9#0.1#32		flash_red	0.5#0.8#0#3				
	37091	白胡子-从云切-觉醒	Missile					0#1#0	0.3#3#1	0.15#0#0.4#0	g2069_skill_baihuzi_a1			s36091a		0#0#0	700	g2069_skill_baihuzi_a2	g2069_skill_baihuzi_aa1.effect	0,0.5,0#1.9#0#0	s36091b			1	2	0,-2,7.5	0	0	Box#0#0#12,10,18	0			0	0	0	0	10	0	1	32	99		7.5						g2069_hit_1.effect	0,1.5,0#1						0.3#0.1#2#0.9#0.1#32		flash_red	0.5#0.8#0#3				
	36092	白胡子-海震拳	Missile					0#1#0	0.4#3#1.15	0.14#0#0.4#0	g2069_skill_baihuzi_b1			s36091a		0#0#0		g2069_skill_baihuzi_b2	g2069_skill_baihuzi_b2.effect	0,0.5,0#1.6#0#0	s36092			1	2	0,-3,0	0	0	Box#0#0#24,12,13	0			0	0	0	0	10	0	1	32	99		8						g2069_hit_1.effect	0,1.5,0#1						0.4#0.1#2.5#0.9#0.1#48		flash_red	0.7#0.7#0#3				
	37092	白胡子-海震拳-觉醒	Missile					0#1#0	0.4#3#1.15	0.14#0#0.4#0	g2069_skill_baihuzi_b1			s36091a		0#0#0		g2069_skill_baihuzi_b2	g2069_skill_baihuzi_b2.effect	0,0.5,0#1.9#0#0	s36092			1	2	0,-3,0	0	0	Box#0#0#27,13,15	0			0	0	0	0	10	0	1	32	99		9.5						g2069_hit_1.effect	0,1.5,0#1						0.4#0.1#2.5#0.9#0.1#48		flash_red	0.7#0.7#0#3				
	36093	白胡子-大地震撼	Missile				40003	0#1#0	0.5#3#1.3	0.12#0#0.3#0	g2069_skill_baihuzi_c1			s36091a		0#0#0		g2069_skill_baihuzi_c2	g2069_skill_baihuzi_c2.effect	0,0.5,0#2.5#0#0	s36093			1	2	0,-13,0	0	0	Sphere#15#0#0,0,0#0,0,0	0			0	0	0	0	10	0	1	32	99		11						g2069_hit_1.effect	0,1.5,0#1						0.4#0.1#2.5#0.9#0.1#64		flash_red	1#0.35#0#3			300	
	37093	白胡子-大地震撼-觉醒	Missile				40003	0#1#0	0.5#3#1.3	0.12#0#0.3#0	g2069_skill_baihuzi_c1			s36091a		0#0#0		g2069_skill_baihuzi_c2	g2069_skill_baihuzi_cc.effect	0,0.5,0#2.5#0#0	s36093			1	2	0,-13,0	0	0	Sphere#15#0#0,0,0#0,0,0	0			0	0	0	0	10	0	1	32	99		4.5	370932					g2069_hit_1.effect	0,1.5,0#1						0.4#0.1#2.5#0.9#0.1#64		flash_red	1#0.35#0#3			300	
	370932	白胡子-大地震撼-二段-觉醒	Missile				40003																	1	12	0,-5,0	0	0	Sphere#20#0#0,0,0#0,0,0	0			0	0	0	0	10	0	1	32	99		8						g2069_hit_1.effect	0,1.5,0#1								flash_red	1#0.35#0#3			300	
	36094	白胡子-大陆崩塌	Missile					0#1#0	0.6#3#1.5	0.1#0.3#0.3#0	g2069_skill_baihuzi_d1					0#0#0		g2069_skill_baihuzi_d2	g2069_skill_baihuzi_d1.effect	0,0,0#1#0#0	s36094a			2	30	100,-10,15#-100,-10,15	90#-90	0	Box#0#0#40,30,40#0,0,0	0			0.9	0	0	0	180	0	1	32	99		6				g2069_skill_baihuzi_d2.effect	0,10,0#8	g2069_hit_1.effect	0,1.5,0#1			s36094b			5#0.1#1#0.99#0#96		flash_red	1#0#0#0			500	
	37094	白胡子-大陆崩塌-觉醒	Missile					0#1#0	0.6#3#1.5	0.1#0.3#0.3#0	g2069_skill_baihuzi_d1					0#0#0		g2069_skill_baihuzi_d2	g2069_skill_baihuzi_d1.effect	0,0,0#1#0#0	s36094a			2	30	100,-10,15#-100,-10,15	90#-90	0	Box#0#0#40,30,40#0,0,0	0			1.3	0	0	0	140	0	1	32	99		7				g2069_skill_baihuzi_d2.effect	0,10,0#8	g2069_hit_1.effect	0,1.5,0#1			s36094b			5#0.1#1#0.99#0#96		flash_red	1#0#0#0			500	
	36101	佩恩-神罗天征	Missile					0#1#0	0.3#3#1	0.15#0#0.3#0	g2069_skill_peien_a1					0#0#0	600	g2069_skill_peien_a2	g2069_skill_peien_a.effect	0,0,0#1#0#0	s36101			1	2	0,-5,0	0	0	Sphere#7#0#0,0,0#0,0,0	0			0	0	0	0	4	0	1	32	99		6						g2069_hit_1.effect	0,1.5,0#1						0.4#0.1#2#0.9#0.1#32		flash_red	0#2.7#0.5#3				
	37101	佩恩-神罗天征-觉醒	Missile					0#1#0	0.3#3#1	0.15#0#0.3#0	g2069_skill_peien_a1					0#0#0	600	g2069_skill_peien_a2	g2069_skill_peien_aa.effect	0,0,0#1.6#0#0	s36101			1	2	0,-7.5,0	0	0	Sphere#10#0#0,0,0#0,0,0	0			0	0	0	0	4	0	1	32	99		7.5						g2069_hit_1.effect	0,1.5,0#1						0.4#0.1#2#0.9#0.1#32		flash_red	0#2.7#0.5#3				
	36102	佩恩-万象天印	Missile					0#1#0	0.4#3#1.15	0.14#0#0#0	g2069_skill_peien_b1					0#0#0	600	g2069_skill_peien_b2	g2069_skill_peien_b.effect	0,2,3#1#0#0	s36102			1	2	0,-3,3	0	0	Cylinder#8#13#0,0,0#0,0,0	0			0	0	0	0	18	0	1	32	4		1.6						g2069_hit_1.effect	0,1.5,0#1						0.7#0.1#1#0.9#0.1#32		flash_red		0.5#0#0			
	37102	佩恩-万象天印-觉醒	Missile					0#1#0	0.4#3#1.15	0.14#0#0#0	g2069_skill_peien_b1					0#0#0	600	g2069_skill_peien_b2	g2069_skill_peien_bb.effect	0,2,3#1.6#0#0	s36102			1	2	0,-3,3	0	0	Cylinder#13#18#0,0,0#0,0,0	0			0	0	0	0	18	0	1	32	4		1.9						g2069_hit_1.effect	0,1.5,0#1						0.7#0.1#1#0.9#0.1#32		flash_red		0.5#0#0			
	36103	佩恩-地爆天星-一段	Missile					0#1#0	0.5#3#1.3	0.12#0#0#0	g2069_skill_peien_c1					0#0#0		g2069_skill_peien_c2	g2069_skill_peien_c1.effect	0,0,6#2#0#0	s36103			1	10	0,-6,6	0	0	Cylinder#15#50#0,0,0#0,0,0	0			0	0	0	0	50	0	1	32	6		0.1			361032			g2069_hit_1.effect	0,1.5,0#1						1.5#0.1#1.5#0.95#0.5#48		flash_red		1#0#1		200	
	361032	佩恩-地爆天星-二段	Missile							0.12#0#0#0									g2069_skill_peien_c3.effect	0,20,0#2.5#0.5#0	s361032			1	10	0,0,0	0	0	Sphere#20#0#0,0,0#0,0,0	0			0	0	0	0	4	0	1	32	99		11						g2069_hit_1.effect	0,1.5,0#1						0.3#0.1#3#0.9#0.5#64		flash_red	0.5#0.5#0#2			400	
	37103	佩恩-地爆天星-一段-觉醒	Missile					0#1#0	0.5#3#1.3	0.12#0#0#0	g2069_skill_peien_c1					0#0#0		g2069_skill_peien_c2	g2069_skill_peien_cc1.effect	0,0,6#2.3#0#0	s36103			1	10	0,-6,6	0	0	Cylinder#20#50#0,0,0#0,0,0	0			0	0	0	0	50	0	1	32	6		0.1			371032			g2069_hit_1.effect	0,1.5,0#1						1.5#0.1#1.5#0.95#0.5#48		flash_red		1#0#1		200	
	371032	佩恩-地爆天星-二段-觉醒	Missile							0.12#0#0#0									g2069_skill_peien_cc3.effect	0,20,0#2.8#0.5#0	s361032			1	10	0,0,0	0	0	Sphere#25#0#0,0,0#0,0,0	0			0	0	0	0	4	0	1	32	99		12.5						g2069_hit_1.effect	0,1.5,0#1						0.3#0.1#3#0.9#0.5#64		flash_red	0.5#0.5#0#2			400	
	36104	佩恩-超神罗天征	Missile					0#1#0	1.1#3#1.5	0.1#0#0#0	g2069_skill_peien_d1				90#0.5#0#0.8#0.2	0#0#0	800	g2069_skill_peien_d2	g2069_skill_peien_d1.effect	0,-8,0#2.5#0.2#0	s36104			1	30	0,-10,0	0	0	Cylinder#60#30#0,0,0#0,0,0	0			0	0	0	0	10	0	1	32	99		12						g2069_hit_1.effect	0,1.5,0#1						1.8#0.1#1#0.99#0.1#96		flash_red				500	
	37104	佩恩-超神罗天征	Missile					0#1#0	1.1#3#1.5	0.1#0#0#0	g2069_skill_peien_d1				90#0.5#0#0.8#0.2	0#0#0	800	g2069_skill_peien_d2	g2069_skill_peien_dd1.effect	0,-8,0#3#0.2#0	s36104			1	30	0,-10,0	0	0	Cylinder#72#30#0,0,0#0,0,0	0			0	0	0	0	10	0	1	32	99		13.5						g2069_hit_1.effect	0,1.5,0#1						1.8#0.1#1#0.99#0.1#96		flash_red				500	
	40011	怪物-拳击普攻1	Missile	1	1												700	g2069_skill_base_attack_1			s25011		Self	1	5	0,0.2,0.5	0	0	Box#0#0#1.5,1.5,1.5#0,0,0	1		0,0.2,0.5	0	0	0	0	4	0	1	32	5		1						g2069_hit_1.effect	0,1.5,0#1								flash_red	0#0.5#0.2#3				
	40012	怪物-拳击普攻2	Missile	1	1												700	g2069_skill_base_attack_2			s25012		Self	1	5	0,0.2,0.5	0	0	Box#0#0#1.5,1.5,1.5#0,0,0	1		0,0.2,0.5	0	0	0	0	4	0	1	32	5		1						g2069_hit_1.effect	0,1.5,0#1								flash_red	0#0.5#0.2#3				
	40013	怪物-拳击普攻3	Missile	1	1												700	g2069_skill_base_attack_3			s25013		Self	1	5	0,0.2,0.5	0	0	Box#0#0#1.5,1.5,1.5#0,0,0	1		0,0.2,0.5	0	0	0	0	4	0	1	32	5		1						g2069_hit_1.effect	0,1.5,0#1								flash_red	0#0.5#0.2#3				
	40014	怪物-拳击普攻4	Missile	1	1												850	g2069_skill_base_attack_4			s25014		Self	1	6	0,0.2,0.5	0	0	Box#0#0#1.5,1.5,1.5#0,0,0	1		0,0.2,0.5	0	0	0	0	4	0	1	32	5		1						g2069_hit_1.effect	0,1.5,0#1								flash_red	0#1.5#0.4#3				
	40021	怪物-刀剑普攻1	Missile	1	1												700	g2069_skill_sword_01			s26041		Self	1	5	0,0.2,0.5	0	0	Box#0#0#1.8,1.5,1.8#0,0,0	1		0,0.2,0.5	0	0	0	0	4	0	1	32	5		1						g2069_hit_1.effect	0,1.5,0#1								flash_red	0#0.5#0.2#3				
	40022	怪物-刀剑普攻2	Missile	1	1												700	g2069_skill_sword_02			s26042		Self	1	5	0,0.2,0.5	0	0	Box#0#0#1.8,1.5,1.8#0,0,0	1		0,0.2,0.5	0	0	0	0	4	0	1	32	5		1						g2069_hit_1.effect	0,1.5,0#1								flash_red	0#0.5#0.2#3				
	40023	怪物-刀剑普攻3	Missile	1	1												700	g2069_skill_sword_03			s26043		Self	1	7	0,0.2,0.5	0	0	Box#0#0#1.8,1.5,1.8#0,0,0	1		0,0.2,0.5	0	0	0	0	4	0	1	32	5		1						g2069_hit_1.effect	0,1.5,0#1								flash_red	0#0.5#0.2#3				
	40024	怪物-刀剑普攻4	Missile	1	1												850	g2069_skill_sword_04			s26044		Self	1	8	0,0.2,0.5	0	0	Box#0#0#1.8,1.5,1.8#0,0,0	1		0,0.2,0.5	0	0	0	0	4	0	1	32	5		1.3						g2069_hit_1.effect	0,1.5,0#1								flash_red	0#1.5#0.4#3				
	40031	怪物-棍棒普攻1	Missile	1	1												700	g2069_skill_zuozhu_01			s40031		Self	1	6	0,0.2,0.5	0	0	Cylinder#0.8#1.5#0,0,0#0,0,0	1		0,0.2,0.5	0	0	0	0	4	0	1	32	5		1						g2069_hit_1.effect	0,1.5,0#1								flash_red	0#0.5#0.2#3				
	40032	怪物-棍棒普攻2	Missile	1	1												700	g2069_skill_zuozhu_02			s40032		Self	1	6	0,0.2,0.5	0	0	Cylinder#0.8#1.5#0,0,0#0,0,0	1		0,0.2,0.5	0	0	0	0	4	0	1	32	5		1						g2069_hit_1.effect	0,1.5,0#1								flash_red	0#0.5#0.2#3				
	40033	怪物-棍棒普攻3	Missile	1	1												700	g2069_skill_zuozhu_03			s40031		Self	1	6	0,0.2,0.5	0	0	Cylinder#0.8#1.5#0,0,0#0,0,0	1		0,0.2,0.5	0	0	0	0	4	0	1	32	5		1						g2069_hit_1.effect	0,1.5,0#1								flash_red	0#0.5#0.2#3				
	40034	怪物-棍棒普攻4	Missile	1	1												850	g2069_skill_zuozhu_04			s40032		Self	1	9	0,0.2,0.5	0	0	Cylinder#0.8#1.5#0,0,0#0,0,0	1		0,0.2,0.5	0	0	0	0	4	0	1	32	5		1.3						g2069_hit_1.effect	0,1.5,0#1								flash_red	0#1.5#0.4#3				
	40041	多由也-普攻1	Missile	1	1												700	g2069_skill_duoyouye_01			s26031		Self	1	5	0,0.2,0.5	0	0	Box#0#0#1.5,1.5,1.5#0,0,0	1		0,0.2,0.5	0	0	0	0	4	0	1	32	5		1						g2069_hit_1.effect	0,1.5,0#1								flash_red	0#0.5#0.2#3				
	40042	多由也-普攻2	Missile	1	1												700	g2069_skill_duoyouye_02			s26032		Self	1	5	0,0.2,0.5	0	0	Box#0#0#1.5,1.5,1.5#0,0,0	1		0,0.2,0.5	0	0	0	0	4	0	1	32	5		1						g2069_hit_1.effect	0,1.5,0#1								flash_red	0#0.5#0.2#3				
	40043	多由也-普攻3	Missile	1	1												700	g2069_skill_duoyouye_03			s26033		Self	1	5	0,0.2,0.5	0	0	Box#0#0#1.5,1.5,1.5#0,0,0	1		0,0.2,0.5	0	0	0	0	4	0	1	32	5		1						g2069_hit_1.effect	0,1.5,0#1								flash_red	0#0.5#0.2#3				
	40044	多由也-普攻4	Missile	1	1												850	g2069_skill_duoyouye_04			s26034		Self	1	7	0,0.2,0.7	0	0	Box#0#0#2,2,2	1		0,0.2,0.7	0	0	0	0	4	0	1	32	5		1.3						g2069_hit_1.effect	0,1.5,0#1								flash_red	0#1.5#0.4#3				
	40051	怪物-双刀普攻1	Missile	1	1												700	g2069_skill_suolong_01			s26021		Self	1	6	0,0.2,0.5	0	0	Cylinder#1#1.5#0,0,0#0,0,0	1		0,0.2,0.5	0	0	0	0	4	0	1	32	5		1						g2069_hit_1.effect	0,1.5,0#1								flash_red	0#0.5#0.2#3				
	40052	怪物-双刀普攻2	Missile	1	1												700	g2069_skill_suolong_02			s26022		Self	1	6	0,0.2,0.5	0	0	Cylinder#1#1.5#0,0,0#0,0,0	1		0,0.2,0.5	0	0	0	0	4	0	1	32	5		1						g2069_hit_1.effect	0,1.5,0#1								flash_red	0#0.5#0.2#3				
	40053	怪物-双刀普攻3	Missile	1	1												700	g2069_skill_suolong_03			s26023		Self	1	6	0,0.2,0.5	0	0	Cylinder#1#1.5#0,0,0#0,0,0	1		0,0.2,0.5	0	0	0	0	4	0	1	32	5		1						g2069_hit_1.effect	0,1.5,0#1								flash_red	0#0.5#0.2#3				
	40054	怪物-双刀普攻4	Missile	1	1												850	g2069_skill_suolong_04			s26024		Self	1	6	0,0.2,0	0	0	Cylinder#1.5#1.5#0,0,0#0,0,0	1		0,0.2,0	0	0	0	0	6	0	1	32	5		1.3						g2069_hit_1.effect	0,1.5,0#1								flash_red	0#1.5#0.4#3				
	40071	怪物-匕首普攻1	Missile	1	1												700	g2069_skill_sword_01			s26021		Self	1	5	0,0.2,0.5	0	0	Box#0#0#1.6,1.5,1.6#0,0,0	1		0,0.2,0.5	0	0	0	0	4	0	1	32	5		1						g2069_hit_1.effect	0,1.5,0#1								flash_red	0#0.5#0.2#3				
	40072	怪物-匕首普攻2	Missile	1	1												700	g2069_skill_sword_02			s26022		Self	1	5	0,0.2,0.5	0	0	Box#0#0#1.6,1.5,1.6#0,0,0	1		0,0.2,0.5	0	0	0	0	4	0	1	32	5		1						g2069_hit_1.effect	0,1.5,0#1								flash_red	0#0.5#0.2#3				
	40073	怪物-匕首普攻3	Missile	1	1												700	g2069_skill_sword_03			s26023		Self	1	7	0,0.2,0.5	0	0	Box#0#0#1.6,1.5,1.6#0,0,0	1		0,0.2,0.5	0	0	0	0	4	0	1	32	5		1						g2069_hit_1.effect	0,1.5,0#1								flash_red	0#0.5#0.2#3				
	40074	怪物-匕首普攻4	Missile	1	1												850	g2069_skill_sword_04			s26024		Self	1	7	0,0.2,0.5	0	0	Box#0#0#1.6,1.5,1.6#0,0,0	1		0,0.2,0.5	0	0	0	0	4	0	1	32	5		1.3						g2069_hit_1.effect	0,1.5,0#1								flash_red	0#1.5#0.4#3				
	40081	怪物-拳击2普攻1	Missile	1	1												700	g2069_skill_lufei_01			s26011		Self	1	6	0,0.2,0.5	0	0	Box#0#0#1.5,1.5,1.5#0,0,0	1		0,0.2,0.5	0	0	0	0	4	0	1	32	5		1						g2069_hit_1.effect	0,1.5,0#1								flash_red	0#0.5#0.2#3				
	40082	怪物-拳击2普攻2	Missile	1	1												700	g2069_skill_lufei_02			s26012		Self	1	6	0,0.2,0.5	0	0	Box#0#0#1.5,1.5,1.5#0,0,0	1		0,0.2,0.5	0	0	0	0	4	0	1	32	5		1						g2069_hit_1.effect	0,1.5,0#1								flash_red	0#0.5#0.2#3				
	40083	怪物-拳击2普攻3	Missile	1	1												700	g2069_skill_lufei_03			s26013		Self	1	6	0,0.2,0.5	0	0	Box#0#0#1.5,1.5,1.5#0,0,0	1		0,0.2,0.5	0	0	0	0	4	0	1	32	5		1						g2069_hit_1.effect	0,1.5,0#1								flash_red	0#0.5#0.2#3				
	40084	怪物-拳击2普攻4	Missile	1	1												850	g2069_skill_lufei_04			s26014		Self	1	7	0,0.2,0.5	0	0	Box#0#0#1.5,1.5,1.5#0,0,0	1		0,0.2,0.5	0	0	0	0	4	0	1	32	5		1.3						g2069_hit_1.effect	0,1.5,0#1								flash_red	0#2#0.7#3				
	40091	怪物-拳击3普攻1	Missile	1	1												700	g2069_skill_mingren_01			s26031		Self	1	6	0,0.2,0.5	0	0	Box#0#0#1.5,1.5,1.5#0,0,0	1		0,0.2,0.5	0	0	0	0	4	0	1	32	5		1						g2069_hit_1.effect	0,1.5,0#1								flash_red	0#0.5#0.2#3				
	40092	怪物-拳击3普攻2	Missile	1	1												700	g2069_skill_mingren_02			s26032		Self	1	5	0,0.2,0.5	0	0	Box#0#0#1.5,1.5,1.5#0,0,0	1		0,0.2,0.5	0	0	0	0	4	0	1	32	5		1						g2069_hit_1.effect	0,1.5,0#1								flash_red	0#0.5#0.2#3				
	40093	怪物-拳击3普攻3	Missile	1	1												700	g2069_skill_mingren_03			s26033		Self	1	5	0,0.2,0.5	0	0	Box#0#0#1.5,1.5,1.5#0,0,0	1		0,0.2,0.5	0	0	0	0	4	0	1	32	5		1						g2069_hit_1.effect	0,1.5,0#1								flash_red	0#0.5#0.2#3				
	40094	怪物-拳击3普攻4	Missile	1	1												850	g2069_skill_mingren_04			s26034		Self	1	7	0,0.2,0.7	0	0	Box#0#0#1.8,1.5,1.8#0,0,0	1		0,0.2,0.7	0	0	0	0	4	0	1	32	5		1.3						g2069_hit_1.effect	0,1.5,0#1								flash_red	0#2#0.7#3				
	40061	一尾-普攻1	Missile	1													900	g2069_skill_yiwei_01			s26071		Self	1	12	0,02,5	0	0	Box#0#0#10,10,10	1		0,0.2,0.5	0	0	0	0	6	0	1	32	99		1						g2069_hit_1.effect	0,1.5,0#1								flash_red	0#0.5#0.2#3				
	40062	一尾-普攻2	Missile	1													900	g2069_skill_yiwei_02			s26072		Self	1	12	0,0.2,5	0	0	Box#0#0#10,10,10	1		0,0.2,0.5	0	0	0	0	6	0	1	32	99		1						g2069_hit_1.effect	0,1.5,0#1								flash_red	0#0.5#0.2#3				
	40063	一尾-普攻3	Missile	1													900	g2069_skill_yiwei_03			s26073		Self	1	12	0,0.2,8	0	0	Box#0#0#10,10,10	1		0,0.2,0.5	0	0	0	0	6	0	1	32	99		1						g2069_hit_1.effect	0,1.5,0#1								flash_red	0#0.5#0.2#3				
	40064	一尾-普攻4	Missile	1													1500	g2069_skill_yiwei_04			s26074		Self	1	12	0,0.2,7	0	0	Box#0#0#10,10,10	1		0,0.2,0.5	0	0	0	0	6	0	1	32	99		1.3						g2069_hit_1.effect	0,1.5,0#1								flash_red	0.5#0.15#0#2				
	40101	瓦帕-远程普攻	Missile	1	1											1#1#0	1400	g2069_skill_wapa_a			s40101		Self	1	6	0,1,0.5	0	0	Box#0#0#1.5,1.5,1.5#0,0,0	0			1.6	0	0	0	10		1	32	99		1				g2069_skill_wapa_a2.effect	0,0.3,0#1	g2069_skill_wapa_a3.effect	0,1.5,0#1													
	40111	Boss艾尼路-普攻1	Missile	1													600	g2069_skill_ainilu_01			s26061		Self	1	5	0,0.2,0.5	0	0	Box#0#0#2.2,2.2,2.2#0,0,0	1		0,0.2,0.5	0	0	0	0	4	0	1	32	5		1						g2069_hit_thunder.effect	0,1.5,0#1								flash_red					
	40112	Boss艾尼路-普攻2	Missile	1													600	g2069_skill_ainilu_02			s26062		Self	1	5	0,0.2,0.5	0	0	Box#0#0#2.2,2.2,2.2#0,0,0	1		0,0.2,0.5	0	0	0	0	4	0	1	32	5		1						g2069_hit_thunder.effect	0,1.5,0#1								flash_red					
	40113	Boss艾尼路-普攻3	Missile	1													700	g2069_skill_ainilu_03			s26063		Self	1	6	0,0.2,0.5	0	0	Box#0#0#2.2,2.2,2.2#0,0,0	1		0,0.2,0.5	0	0	0	0	4	0	1	32	5		1						g2069_hit_thunder.effect	0,1.5,0#1								flash_red					
	40114	Boss艾尼路-普攻4	Missile	1													800	g2069_skill_ainilu_04			s26064		Self	1	6	0,0.2,1.5	0	0	Box#0#0#2.2,2.2,2.2#0,0,0	1		0,0.2,1.5	0	0	0	0	4	0	1	32	5		1.3						g2069_hit_thunder.effect	0,1.5,0#1								flash_red	0.6#0.2#0#3				
	50011	多有也-技能A	Missile													0#0#0	1400	g2069_skill_duoyouye_a	g2069_skill_duoyouye_a.effect	0,1,0#1#0.5#0	s50011		Self	1	12	0,0,1	0	0	Box#0#0#3,3,3	0			0.25	0	0	0	19	0	1	32	4		0.8						g2069_hit_1.effect	0,1.5,0#1								flash_red					
	50021	咒印佐助-火遁	Missile				40001									0#0#0	1600	g2069_skill_zyzz_a	g2069_skill_zyzz_a.effect	0,1,0#3#0.7#1	s50021		Self	3	14#16#18	0,0,1#0,0,1#0,0,1	0	0	Box#0#0#5,5,5	0			1.2	0	0	0	12	0	1	32	99		1.5						g2069_hit_fire.effect	0,1.5,0#1								flash_red				300	
	50022	咒印佐助-千鸟1	Missile													0#0#0		g2069_skill_zuozhu_a2	g2069_skill_zuozhu_a2.effect	0,3,0.5#1.8#0.4#1		0#3#-0.2#0.35#0.15	Self	1	0	0,0,0	0	0	Sphere#2.2#0#0,0,0#0,0,0	1		0,0,0	0	0	0	0	6	0	1	32	99		0			500222			g2069_hit_1.effect	0,1.5,0#1								flash_red	0.0#1.5#0.2#4				
	500222	咒印佐助-千鸟2	Missile				36061														s36041b			1	0	0,-2,0.5	0	0	Sphere#5#0#0,0,0#0,0,0	1		0,-2,0	0	0	0	0	8	0	1	32	99		4						g2069_hit_1.effect	0,1.5,0#1								flash_red	0.3#0.05#0#3			300	
	50031	海军军官-砸地	Missile													0#0#0	800	g2069_skill_haijun_a	g2069_skill_base_ground2.effect	0,0,0#1#0.3#1	s35011		Self	1	8	0,0,0	0	0	Cylinder#3#2#0,0,0#0,0,0	1		0,0,0	0	0	0	0	4	0	1	32	99		4						g2069_hit_1.effect	0,1.5,0#1								flash_red	0.7#0#0#0				
	50041	蒙卡-砸地	Missile													0#0#0	1000	g2069_skill_mengka_a	g2069_skill_mengka_a.effect	0,0,0#1#0.15#0	s50041		Self	1	10	0,0,0	0	0	Cylinder#5#3#0,0,0#0,0,0				0	0	0	0	4	0	1	32	99		4						g2069_hit_1.effect	0,1.5,0#1								flash_red	0.7#0#0#0			300	
	50042	蒙卡-爆炸	Missile													0#0#0	1000	g2069_skill_mengka_b	g2069_skill_mengka_b.effect	0,1,1.5#2.5#0.7#0	s50042		Self	1	16	0,0,7	0	0	Cylinder#9#4#0,0,0#0,0,0				0	0	0	0	10	0	1	32	99		3						g2069_hit_1.effect	0,1.5,0#1								flash_red	1#0#0#0			400	
	50051	勘九郎-冲拳	Missile													0#0#0	800	g2069_skill_renzhe_a			s35012	0#3#-0.6#0.33#0	Self	1	8	0,-1.5,-1	0	0	Sphere#3#0#0,0,0#0,0,0	1		0,-1.5,-1	0	0	0	0	4	0	1	32	99		4						g2069_hit_1.effect	0,1.5,0#1								flash_red	0#2#0.5#3				
	50061	一尾-岩刺	Missile													0#0#0	1000	g2069_skill_yiwei_a	g2069_skill_yiwei_a.effect	0,0,6#6#0.8#0	s35012		Self	1	16	0,0,9	0	0	Box#0#0#9,8,9				0	0	0	0	4	0	1	32	99		3						g2069_hit_1.effect	0,1.5,0#1								flash_red	1.5#0#0#0			300	
	50062	一尾-岩拍	Missile													0#0#0	1000	g2069_skill_yiwei_b	g2069_skill_yiwei_b.effect	0,0,0#2.8#0.3#0	s36071		Self	1	14	0,0,10	0	0	Cylinder#8#5#0,0,0#0,0,0				0	0	0	0	4	0	1	32	99		3.5						g2069_hit_1.effect	0,1.5,0#1								flash_red	1#1#0#3			400	
	50063	一尾-岩凸	Missile													0#0#0	1000	g2069_skill_yiwei_a	g2069_skill_yiwei_c.effect	0,0,8#6#0.5#0	s50063		Self	1	16	0,0,6	0	0	Box#0#0#7,8,7				2.8	0	0	0	13	0	1	32	99		4						g2069_hit_1.effect	0,1.5,0#1								flash_red	1.5#0#0#0			400	
	50071	吹雪-冰遁	Missile													0#0#0	1000	g2069_skill_bingdun_a	g2069_skill_bingdun_a.effect	0,0,2#1.5#0.7#0	s50071		Self	1	15	0,0,2	0	0	Box#0#0#3,3,3				0.8	0	0	0	10	0	1	32	99		3						g2069_hit_1.effect	0,1.5,0#1								flash_red	1#0#0#0				
	50081	怒涛-黑波	Missile													0#0#0	1000	g2069_skill_nutao_a	g2069_skill_nutao_a.effect	0,1.5,2#2#0.7#0	s50081		Self	1	15	0,0,2	0	0	Box#0#0#4.5,4.5,4.5				0.8	0	0	0	18	0	1	32	99		3.5						g2069_hit_1.effect	0,1.5,0#1								flash_red	0#2#0.4#1			300	
	50082	怒涛-黑龙卷	Missile													0#0#0	1000	g2069_skill_nutao_b			s50082		Self	1	17	0,0,2	0	0	Cylinder#7#15#0,0,0#0,0,0				0.5	0	0	0	40	0	1	32	7		0.7				g2069_skill_nutao_b.effect	0,0,0#1.3	g2069_hit_1.effect	0,1.5,0#1								flash_red		0.8#0#0		200	
	50091	赤犬-火拳	Missile				40001									0#0#0	1000	g2069_skill_aisi_a2			s36051		Self	1	12	0,-1,0	0	0	Box#0#0#8,7,8	0			1.3	0	0	0	12	0	1	32	99		3				g2069_skill_aisi_a3.effect	0,0,0#3.5	g2069_hit_fire.effect	0,1.5,0#1								flash_red	0#1.6#0.2#1			400	
	50101	神国警察-剑气	Missile													0#0#0	1000	g2069_skill_sheriff_a	g2069_skill_jianqi.effect	0,1,0#1#0.6#0#1	s50101		Self	1	16	0,0.5,4	0	0	Box#0#0#5,2,8				0	0	0	0	6	0	1	32	99		3						g2069_hit_1.effect	0,1.5,0#1								flash_red					
	50111	欧姆-连击	Missile													0#0#0	1000	g2069_skill_oumu_b	g2069_skill_oumu_b.effect	0,0,0#1.6#0.7#0#1	s50111		Self	1	14	0,0,4	0	0	Box#0#0#5.5,5.5,9	1		0,0,4	0	0	0	0	11	0	1	32	4		1.16						g2069_hit_1.effect	0,1.5,0#1.5								flash_red	0#0.6#0.2#1			200	
	50112	欧姆-剑气波	Missile													0#0#0	1000	g2069_skill_oumu_a			s50112		Self	1	12	0,0,1	0	0	Box#0#0#7,8,7	0			1.5	0	0	0	19	0	1	32	99		4				g2069_skill_oumu_a.effect	0,0,0#1	g2069_hit_1.effect	0,1.5,0#1.7								flash_red	1#0#0#0			400	
	50121	艾尼路-雷击	Missile				36061									0#0#0	1100	g2069_skill_enel_a	g2069_skill_ainilu_a.effect	0,0,5#1#0.7	s36061			1	14	0,-1,5	0	0	Cylinder#6.5#5.5#0,0,0#0,0,0				0	0	0	0	8	0	1	32	99		3						g2069_hit_thunder.effect	0,1.5,0#1						0.3#0.1#2#0.9#0#32		flash_red				300	
	50122	艾尼路-雷鸟	Missile				36064									0#0#0	1200	g2069_skill_enel_b			s36062a			1	16	0,-1,0	0	0	Box#0#0#7,5,5	0			1.6	0	0	0	30	0	1	32	99		3.5				g2069_skill_ainilu_b2.effect	0,2,3#10	g2069_hit_thunder.effect	0,1.5,0#1			s36062b			0.3#0.1#2#0.9#0#32		flash_red	0#1.6#0.2#1			400	
	50123	艾尼路-神之制裁	Missile				36061									0#0#0	1400	g2069_skill_enel_c	g2069_skill_ainilu_c.effect	0,0,5#1#0.9	s36063b			1	18	0,-1.5,5			Cylinder#10#18#0,0,0#0,0,0	0			0	0	0	0	29	0	1	32	6		0.8						g2069_hit_thunder.effect	0,1.5,0#1						0.8#0.1#2#0.95#0#64		flash_red				200	
	60011	暗黑鸣人-螺旋丸-一段	Missile													0#0#0		g2069_skill_mingren_a2	g2069_skill_mingren_a2.effect	0,2.7,0.5#1.5#0.4#1		0#1.8#-0.15#0.35#0.15	Self	1	0	0,0,0	0	0	Sphere#2.2#0#0,0,0#0,0,0	1		0,0,0	0	0	0	0	10	0	1	32	99		0			600112			g2069_hit_1.effect	0,1.5,0#1								flash_red					
	600112	暗黑鸣人-螺旋丸-二段	Missile																		s36031b			1	0	0,-2.5,0.5	0	0	Sphere#5#0#0,0,0#0,0,0	1		0,-2.5,0.5	0	0	0	0	12	0	1	32	99		3						g2069_hit_1.effect	0,1.5,0#1								flash_red	0.7#0.3#0#3				
	60012	暗黑鸣人-螺旋丸手里剑-一段	Missile													0#0#0		g2069_skill_hamr_b					Self	1	18	0,1.3,1.5	0	0	Cylinder#1#0.5#0,0,0#0,0,0	0			1.5	0	0	0	20	2	1	16	99	1	0			600122	g2069_skill_mingren_b2.effect	0,0.5,0#1.5			g2069_skill_mingren_b2.effect	0,0.5,0#1.5											
	600122	暗黑鸣人-螺旋丸手里剑-二段	Missile																g2069_skill_mingren_b3.effect	0,-3,0#2.7#0#0	s360322			1	0	0,-15,0	0	0	Sphere#12#0#0,0,0#0,0,0	0			0	0	0	0	19	0	1	32	4		0.8						g2069_hit_1.effect	0,1.5,0#1								flash_red	0.3#0.1#0#2				
	60013	暗黑鸣人-螺旋丸-一段-觉醒	Missile													0#0#0		g2069_skill_mingren_a2	g2069_skill_mingren_a2.effect	0,2.7,0.5#1.8#0.4#1		0#1.8#-0.15#0.35#0.15	Self	1	0	0,0,0	0	0	Sphere#2.2#0#0,0,0#0,0,0	1		0,0,0	0	0	0	0	6	0	1	32	99		0			600132			g2069_hit_1.effect	0,1.5,0#1								flash_red					
	600132	暗黑鸣人-螺旋丸-二段-觉醒	Missile																		s36031b			1	0	0,-3,0.5	0	0	Sphere#6#0#0,0,0#0,0,0	1		0,-3,0.5	0	0	0	0	12	0	1	32	99		2			600133			g2069_hit_1.effect	0,1.5,0#1								flash_red	0.3#0.1#0#3				
	600133	暗黑鸣人-螺旋丸-三段-觉醒	Missile																g2069_skill_mingren_aa.effect	0,4,0#2.1				1	0	0,-1.5,0.5	0	0	Sphere#6#0#0,0,0#0,0,0	0			2.2	0	0	0	8	0	1	32	99		1.5						g2069_hit_1.effect	0,1.5,0#1								flash_red	0.3#0.1#0#3				
	60014	暗黑鸣人-手里剑-一段-觉醒	Missile													0#0#0		g2069_skill_hamr_b					Self	1	18	0,1.3,1.5	0	0	Cylinder#1#0.5#0,0,0#0,0,0	0			1.5	0	0	0	20	2	1	16	99	1	0			600142	g2069_skill_mingren_b2.effect	0,0.5,0#1.5			g2069_skill_mingren_b2.effect	0,0.5,0#1.5											
	600142	暗黑鸣人-手里剑-二段-觉醒	Missile																g2069_skill_mingren_bb.effect	0,-3,0#3.5#0#0	s360322			1	0	0,-15,0	0	0	Sphere#15#0#0,0,0#0,0,0	0			0	0	0	0	39	0	1	32	5		0.5						g2069_hit_1.effect	0,1.5,0#1								flash_red	0.3#0.1#0#2				
	60015	小怪鸣人-螺旋丸-一段	Missile													0#0#0		g2069_skill_mingren_a2	g2069_skill_mingren_a2.effect	0,1.8,0.5#1#0.4#1		0#1.8#-0.15#0.35#0.15	Self	1	0	0,0,0	0	0	Sphere#2.2#0#0,0,0#0,0,0	1		0,0,0	0	0	0	0	10	0	1	32	99		0			600152			g2069_hit_1.effect	0,1.5,0#1								flash_red					
	600152	小怪鸣人-螺旋丸-二段	Missile																		s36031b			1	0	0,-2.5,0.5	0	0	Sphere#3.3#0#0,0,0#0,0,0	1		0,-2.5,0.5	0	0	0	0	12	0	1	32	99		3						g2069_hit_1.effect	0,1.5,0#1								flash_red	0.7#0.3#0#3				
	60021	暗黑路飞-橡胶火箭	Missile													0#0#0		g2069_skill_lufei_a2			s36011b	0#3.4#-0.34#0.4#0	Self	1	0	0,-1.5,-2.5	0	0	Sphere#3.5#0#0,0,0#0,0,0	1		0,-1.5,-2.5	0	0	0	0	8	0	1	32	99		3						g2069_hit_1.effect	0,1.5,0#1								flash_red	0.5#0.8#0#4				
	60022	暗黑路飞-橡胶机关枪	Missile													0#1#1		g2069_skill_lufei_b2			s36012		Self	1	4	0,0,5	0	0	Box#0#0#6.5,5,11	1		0,0,5	0	0	0	0	20	0	1	32	2		0.4						g2069_hit_1.effect	0,1.5,0#1								flash_red					
	60023	暗黑路飞-橡胶火箭-觉醒	Missile													0#0#0		g2069_skill_lufei_aa2			s36011b	0#3.4#-0.34#0.4#0	Self	1	0	0,-2.5,-3.5	0	0	Sphere#4.5#0#0,0,0#0,0,0	1		0,-2.5,-3.5	0	0	0	0	8	0	1	32	99		3.5						g2069_hit_1.effect	0,1.5,0#1								flash_red	0.5#0.8#0#4				
	60024	暗黑路飞-橡胶机关枪-觉醒	Missile													0#1#1		g2069_skill_lufei_bb2			s36012		Self	1	4	0,0,7	0	0	Box#0#0#10,5,15	1		0,0,7	0	0	0	0	20	0	1	32	2		0.45						g2069_hit_1.effect	0,1.5,0#1								flash_red					
	60031	暗黑索隆-二斩·闪	Missile													0#0#0		g2069_skill_suolong_a2			s36021	0#3#-0.2#0.25#0	Self	1	0	0,0,1	0	0	Box#0#0#6,3,4	1		0,0,1	0	0	0	0	4	0	1	32	99		3						g2069_hit_1.effect	0,1.5,0#1								flash_red	0.0#1.5#0.3#4				
	60032	暗黑索隆-烦恼风	Missile													0#0#0		g2069_skill_suolong_b2			s36022			1	4	0,-1,0	0	0	Box#0#0#8,8,8	0			1.2	0	0	0	20	0	1	32	99		3.5				g2069_skill_suolong_b2.effect	0,3,2#1	g2069_hit_1.effect	0,1.5,0#1								flash_red	0.5#0.5#0#3				
	60033	暗黑索隆-龙卷风-一段	Missile													0#0#0		g2069_skill_suolong_c2			s36023	0#3#-0.5#0.2#0	Self	1	0	0,0,0	0	0	Cylinder#6.5#3#0,0,0#0,0,0	1		0,0,0	0	0	0	0	6	0	1	32	99		0.5			600332			g2069_hit_1.effect	0,1.5,0#1													
	600332	暗黑索隆-龙卷风-二段	Missile																g2069_skill_suolong_c2.effect	0,0,0#1.5				1	2	0,-1,0	0	0	Cylinder#7.5#16#0,0,0#0,0,0	0			0	0	0	0	34	0	1	32	5		0.5						g2069_hit_1.effect	0,1.5,0#1			s360232					flash_red	0.45#0#0#0				
	60034	暗黑索隆-三刀流奥义	Missile													0#0#0		g2069_skill_suolong_d2	g2069_skill_suolong_d.effect	0,0.1,0#1.8#0#0	s36024		Self	1	2	0,-15,0	0	0	Sphere#16#0#0,0,0#0,0,0	0			0	0	0	0	28	0	1	32	5		0.75						g2069_hit_1.effect	0,1.5,0#1								flash_red	0#0.5#0.2#3				
	60041	暗黑佐助-天照	Missile				36042									0#0#0		g2069_skill_zuozhu_b2	g2069_skill_zuozhu_b.effect	0,0.5,0#1#0.5#0	s36042			1	14	0,0,9	0	0	Box#0#0#9,6,26	0			0	0	0	0	119	0	1	32	10		0.38						g2069_hit_1.effect	0,1.5,0#1								flash_red					
	60051	暗黑艾斯-火摩达	Missile				40001									0#0#0		g2069_skill_aisi_b2	g2069_skill_aisi_b.effect	0,0.5,3.5#1.3#0#0	s36052a			1	14	0,-1.5,6.5	0	0	Box#0#0#16,9,12	0			0	0	0	0	10	0	1	32	99		4						g2069_hit_fire.effect	0,1.5,0#1			s36052b					flash_red	0.5#0.3#0#2				
	60052	暗黑艾斯-火柱	Missile				40001									0#0#0		g2069_skill_aisi_c2	g2069_skill_aisi_c.effect	0,0,0#1.3#0#0	s36053			1	2	0,-1,0	0	0	Cylinder#10#18#0,0,0#0,0,0	0			0	0	0	0	29	0	1	32	6		1						g2069_hit_fire.effect	0,1.5,0#1								flash_red	0.5#0#0#0				
	60053	暗黑艾斯-炎帝-一段	Missile											s36054		0#0#0		g2069_skill_aisi_d2			s36064b			1	8	0,4,2	0	45	Sphere#2#0#0,0,0#0,0,0	0			0.9	0	0.07	0	120	0	0	16	99	1	0			600532	g2069_skill_aisi_d2.effect	0,2,0#1.2															
	600532	暗黑艾斯炎帝-二段	Missile				40001												g2069_skill_aisi_d3.effect	0,0,0#1.7	s360542			1	0	0,-10,0	0	0	Sphere#14#0#0,0,0#0,0,0	0			0	0	0	0	10	0	1	32	99		5						g2069_hit_fire.effect	0,1.5,0#1								flash_red	0.6#0.4#0#2				
	60061	暗黑我爱罗-砂之手	Missile													0#0#0	600	g2069_skill_woailuo_a2	g2069_skill_woailuo_a.effect	0,0,-2#2.5#0#0	s36071			1	6	0,-1,4	0	0	Cylinder#6.5#5#0,0,0#0,0,0	0			0	0	0	0	6	0	1	32	99		3						g2069_hit_1.effect	0,1.5,0#1								flash_red	0.85#0#0#0				
	60062	暗黑我爱罗-砂散弹	Missile													0#0#0	600	g2069_skill_woailuo_b2			s36072			1	0	0,-6,6	0	0	Box#0#0#18,18,18#0,0,0	0			0	0	0	0	38	0	1	32	4		0.4				g2069_skill_woailuo_b.effect	0,0,0#2	g2069_hit_1.effect	0,1.5,0#1								flash_red					
	60063	暗黑我爱罗-砂瀑送葬-一段	Missile													0#0#0	800	g2069_skill_woailuo_c2	g2069_skill_woailuo_c.effect	0,0,9#2#0#0	s36073			1	6	0,-1.5,9	0	0	Cylinder#13#10#0,0,0#0,0,0	0			0	0	0	0	34	0	1	32	5		0.28			600632			g2069_hit_1.effect	0,1.5,0#1								flash_red		0.5#0#1			
	600632	暗黑我爱罗-砂瀑送葬-二段	Missile																		s360732			1	0	0,0,0	0	0	Sphere#14#0#0,0,0#0,0,0	0			0	0	0	0	5	0	1	32	99		3						g2069_hit_1.effect	0,1.5,0#1								flash_red	0.5#1.5#0.3#2				
	60071	暗黑小南-纸之束缚-一段	Missile				36081											g2069_skill_xiaonan_a2	g2069_skill_xiaonan_a.effect	0,0,7#1.7#0#0	s36081			1	0	0,-0.8,7	0	0	Cylinder#7.5#4.6#0,0,0#0,0,0	0			0	0	0	0	21	0	1	32	6		0.625			600712												flash_red					
	600712	暗黑小南-纸之束缚-二段	Missile																					1	0	0,0,0	0	0	Cylinder#7.5#4.6#0,0,0#0,0,0	0			0	0	0	0	5	0	1	32	99		0.5						g2069_hit_1.effect	0,1.5,0#1								flash_red		0.3#0#0			
	60072	暗黑小南-纸龙卷-一段	Missile													0#0#0		g2069_skill_xiaonan_a2			s36082			1	0	0,1,2.5	0	0	Cylinder#2#6#0,0,0#0,0,0	0			0.6	0	0	0	22	3	1	16	99	1	0			600722	g2069_skill_xiaonan_b1.effect	0,-1,0#1	g2069_hit_1.effect	0,1.5,0#1	g2069_skill_xiaonan_b1.effect	0,0,0#1						flash_red					
	600722	暗黑小南-纸龙卷-二段	Missile																g2069_skill_xiaonan_b2.effect	0,-2,0#1.5#0#0	s360822			1	3	0,-2,0	0	0	Cylinder#7.5#18#0,0,0#0,0,0	0			0	0	0	0	10	0	1	32	99		4						g2069_hit_1.effect	0,1.5,0#1								flash_red	1.3#0#0#0				
	60073	暗黑小南-纸爆符-一段	Missile													0#0#0		g2069_skill_xiaonan_a2	g2069_skill_xiaonan_c.effect	0,0,-1.5#1.8#0#0	s36083			1	6	0,-0.5,2	0	0	Box#0#0#14,6,5	0			0.01	0	0	0	10	0	1	32	99		0	600732															0#1.3#0.3#1				
	600732	暗黑小南-纸爆符-二段	Missile				40001																	1	14	0,0,6	0	0	Box#0#0#20,10,16	0			0	0	0	0	10	0	1	32	99		5						g2069_hit_fire.effect	0,1.5,0#1			s360832					flash_red	0.5#0.15#0#2				
	60081	暗黑佩恩-神罗天征	Missile													0#0#0	600	g2069_skill_peien_a2	g2069_skill_peien_a.effect	0,0,0#1.4#0#0	s36101			1	2	0,-5,0	0	0	Sphere#9#0#0,0,0#0,0,0	0			0	0	0	0	4	0	1	32	99		3						g2069_hit_1.effect	0,1.5,0#1								flash_red	0#2.7#0.5#3				
	60082	暗黑佩恩-万象天印	Missile													0#0#0	600	g2069_skill_peien_b2	g2069_skill_peien_b.effect	0,2,3#1#0#0	s36102			1	2	0,-3,3	0	0	Cylinder#8#13#0,0,0#0,0,0	0			0	0	0	0	18	0	1	32	4		0.8						g2069_hit_1.effect	0,1.5,0#1								flash_red		0.5#0#0			
	60083	暗黑佩恩-地爆天星-一段	Missile													0#0#0	800	g2069_skill_peien_c2	g2069_skill_peien_c1.effect	0,0,6#2#0#0	s36103			1	10	0,-6,6	0	0	Cylinder#15#50#0,0,0#0,0,0	0			0	0	0	0	50	0	1	32	6		0			600832			g2069_hit_1.effect	0,1.5,0#1								flash_red		1#0#1			
	600832	暗黑佩恩-地爆天星-二段	Missile																g2069_skill_peien_c3.effect	0,20,0#2.5#0.5#0	s361032			1	10	0,0,0	0	0	Sphere#20#0#0,0,0#0,0,0	0			0	0	0	0	4	0	1	32	99		5						g2069_hit_1.effect	0,1.5,0#1								flash_red	0.5#0.5#0#2				
